name,genes,size
Condensin I complex,NCAPH; SMC2; NCAPD2; NCAPG; SMC4,5
NCOR complex,TBL1XR1; CORO2A; TBL1X; HDAC3; NCOR1; GPS2,6
BLOC-1 (biogenesis of lysosome-related organelles complex 1),DTNBP1; SNAPIN; BLOC1S6; BLOC1S5; BLOC1S1; BLOC1S3; BLOC1S2; BLOC1S4,8
Arp2/3 protein complex,ARPC5; ARPC4; ARPC3; ARPC1B; ACTR3; ACTR2; ARPC2,7
PA700 complex,PSMD5; PSMD13; PSMD3; PSMD12; PSMD8; PSMC1; PSMD6; PSMD11; PSMD9; PSMD14; PSMD7; PSMC6; PSMC3; PSMD10; PSMC2; PSMD1; PSMD2; PSMD4; PSMC5; PSMC4,20
AP1 adaptor complex,AP1M2; AP1S3; AP1G1; AP1S2; AP1S1; AP1M1; AP1B1; AP1G2,8
DNMT3B complex,SIN3A; SMC2; KIF4A; SMARCA5; HDAC1; SMC4; DNMT3B,7
SMRT complex,NCOR2; TBL1XR1; TBL1X; HDAC3; GPS2,5
AP3 adaptor complex,AP3B1; AP3S2; AP3M1; AP3B2; AP3D1; AP3M2; AP3S1,7
Mi2/NuRD complex,MBD3; RBBP4; CHD4; MTA2; RBBP7; HDAC1; HDAC2,7
NUMAC complex (nucleosomal methylation activator complex),SMARCC2; ARID1A; SCYL1; ACTB; SMARCE1; SMARCC1; SMARCD1; CARM1; SMARCA4; SMARCB1,10
Nup 107-160 subcomplex,SEC13; SEH1L; NUP160; NUP133; NUP37; NUP98; NUP85; NUP43; NUP107,9
RNA polymerase II holoenzyme complex,GTF2F1; GTF2H3; POLR2E; TBP; POLR2J; GTF2B; GTF2E1; GTF2H1; POLR2G; POLR2A; POLR2I; ERCC3; POLR2F; GTF2H2; POLR2B; POLR2C; GTF2E2; POLR2L; POLR2K; GTF2F2; POLR2H; ERCC2; GTF2H4; POLR2D,24
RNA polymerase II core complex,POLR2G; POLR2L; POLR2K; POLR2A; POLR2E; POLR2F; POLR2H; POLR2C; POLR2B; POLR2J; POLR2D; POLR2I,12
Prefoldin complex,PFDN2; PFDN4; PFDN1; VBP1; PFDN5; PFDN6,6
SNAPc (small nuclear RNA-activating protein) complex,SNAPC3; SNAPC5; SNAPC2; SNAPC4; SNAPC1,5
GPR56-CD81-Galpha(q/11)-Gbeta complex,CD81; GNA11; ADGRG1; GNAQ; GNB1,5
Rnase/Mrp complex,RPP21; RPP40; POP7; RPP38; POP4; POP5; RPP25; POP1; RPP14; RPP30,10
CCT complex (chaperonin containing TCP1 complex),CCT3; TCP1; CCT7; CCT6A; CCT4; CCT2; CCT5; CCT8,8
Telomere-associated protein complex,TERF2IP; TERF1; POT1; TERF2; ACD; TINF2,6
CD147-gamma-secretase complex,PSENEN; APH1A; BSG; NCSTN; PSEN1,5
Gamma-BAR-AP1 complex,AP1AR; AP1M2; AP1S3; AP1G1; AP1S2; AP1S1; AP1M1; AP1B1; AP1G2,9
Condensin I-PARP-1-XRCC1 complex,XRCC1; NCAPH; SMC2; NCAPD2; PARP1; NCAPG; SMC4,7
Condensin II,NCAPG2; SMC2; NCAPH2; SMC4; NCAPD3,5
"Respiratory chain complex I (holoenzyme), mitochondrial",NDUFA7; NDUFB5; NDUFV1; MT-ND5; NDUFA13; NDUFAB1; NDUFB9; NDUFA8; NDUFB6; NDUFC2; MT-ND3; NDUFA3; NDUFA9; NDUFA5; NDUFB11; NDUFB7; MT-ND6; NDUFS2; NDUFB8; NDUFA11; NDUFV3; NDUFS5; NDUFC1; NDUFA1; MT-ND2; NDUFB4; NDUFS4; NDUFA10; MT-ND1; NDUFB10; NDUFV2; NDUFS6; NDUFS3; NDUFB3; MT-ND4L; NDUFB2; NDUFS1; NDUFS7; NDUFA2; NDUFA12; NDUFA4; NDUFA6; NDUFS8; NDUFB1,44
26S proteasome,PSMB6; PSMA3; PSMD13; PSMA4; PSMA5; PSMB4; PSMB2; PSMA7; PSMB3; PSMC1; PSMA1; PSMB7; PSMC6; PSMB5; PSMA2; PSMC3; PSMC2; PSMB1; PSMD4; PSMA6; PSMC5; PSMC4,22
Wave-2 complex,ABI1; WASF2; CYFIP1; BRK1; NCKAP1,5
PA28-20S proteasome,PSMB6; PSMB4; PSME1; PSMA3; PSME2; PSMB3; PSMB7; PSMA4; PSMA5; PSMA2; PSMA6; PSMB5; PSMB2; PSMA7; PSMA1; PSMB1,16
PA700-20S-PA28 complex,PSMB6; PSMD5; PSMA3; PSMD13; PSMA4; PSMA5; PSMD3; PSMB4; PSMB2; PSMA7; PSMD12; PSME1; PSMB3; PSMD8; PSMC1; PSMD6; PSMD11; PSMD9; PSMA1; PSMD14; PSMB7; PSMD7; PSMC6; PSMB5; PSMA2; PSMC3; PSMC2; PSMB1; PSMD10; PSME2; PSMD1; PSMD2; PSMD4; PSMA6; PSMC5; PSMC4,36
PA28gamma-20S proteasome,PSMB6; PSMB4; PSMA3; PSMB3; PSME3; PSMB7; PSMA4; PSMA5; PSMA2; PSMA6; PSMB5; PSMB2; PSMA7; PSMA1; PSMB1,15
"Ubiquitin E3 ligase (VHL, TCEB1, TCEB2, CUL2, RBX1)",VHL; RBX1; ELOB; CUL2; ELOC,5
"Ubiquitin E3 ligase (ASB2, TCEB1, TCEB2, CUL5, RNF7)",CUL5; ASB2; RNF7; ELOB; ELOC,5
"Ubiquitin E3 ligase (ASB1, TCEB1, TCEB2, CUL5, RNF7)",CUL5; ASB1; RNF7; ELOB; ELOC,5
"Ubiquitin E3 ligase (ASB6, TCEB1, TCEB2, CUL5, RNF7)",CUL5; RNF7; ELOB; ASB6; ELOC,5
"Ubiquitin E3 ligase (ASB7, TCEB1, TCEB2, CUL5, RNF7)",ASB7; CUL5; RNF7; ELOB; ELOC,5
"Ubiquitin E3 ligase (ASB12, TCEB1, TCEB2, CUL5, RNF7)",CUL5; RNF7; ELOB; ASB12; ELOC,5
"Ubiquitin E3 ligase (WSB1, TCEB1, TCEB2, CUL5, RBX1)",CUL5; RBX1; WSB1; ELOB; ELOC,5
CRSP complex,MED27; MED26; MED24; MED1; MED23; MED17; MED14; MED7,8
NAT complex,MED21; MED10; CCNC; MED6; MED23; CDK8; MED14,7
ARC complex,MED8; MED15; MED17; MED4; MED24; MED1; MED13; ACAD8; MED6; MED12; MED23; MED7; MED14; MED26; MED25,15
SWI-SNF chromatin remodeling-related-BRCA1 complex,SMARCC2; ARID1A; SMARCE1; ACTL6A; SMARCC1; SMARCA2; SMARCD2; BRCA1; SMARCA4; SMARCB1,10
RalBP1-CCNB1-AP2A-NUMB-EPN1 complex,NUMB; RALBP1; EPN1; AP2A1; CCNB1,5
RAD51B-RAD51C-RAD51D-XRCC2-XRCC3 complex,XRCC2; RAD51B; RAD51D; RAD51C; XRCC3,5
RAD17-RFC complex,RFC2; RAD17; RFC4; RFC5; RFC3,5
9-1-1-RAD17-RFC complex,RFC2; RAD9A; RAD17; RAD1; RFC4; HUS1; RFC5; RFC3,8
RFC complex,RFC2; RFC4; RFC5; RFC1; RFC3,5
HMGB1-HMGB2-HSC70-ERP60-GAPDH complex,HMGB2; GAPDH; PDIA3; HMGB1; HSPA8,5
SNF2h-cohesin-NuRD complex,HDAC2; MBD3; SMARCA5; RBBP4; MTA1; CHD3; MTA2; RAD21; RBBP7; SMC1A; STAG1; STAG2; HDAC1; MBD2; BAZ1A; SMC3,16
SIN3 complex,SIN3A; SAP18; RBBP4; RBBP7; SAP30; HDAC1; HDAC2,7
ARC-L complex,MED15; MED17; MED21; MED24; MED25; MED1; MED13; CCNC; MED6; MED12; MED23; MED7; CDK8; MED14,14
PCNA-DNA polymerase delta complex,POLD4; POLD2; POLD1; POLD3; PCNA,5
PC2 complex,MED17; MED10; MED21; MED27; MED24; MED31; MED16; THRAP3; MED6; MED7; MED14; MED20,12
INO80 chromatin remodeling complex,INO80D; INO80; ACTL6A; RUVBL1; ACTR5; RUVBL2; INO80B; NFRKB; MCRS1; TCF3; ACTR8; INO80C; INO80E,13
SRCAP complex,ACTL6A; RUVBL1; RUVBL2; H2AZ1; SRCAP; EAF2; ZNHIT1; VPS72; ACTR6; YEATS4,10
"Ribosome, cytoplasmic",RPL37A; RPS28; RPS29; RPS26; RPL10; RPL39; RPL21; RPLP1; RPS13; RPL36; RPL37; RPL38; RPS19; RPL28; RPL32; RPL36A; RPL7A; RPS21; RPL9P8; RPL26; RPL4; RPS6; RPL22; RPL27; RPLP0; RPL14; RPL35A; RPL17; RPL18; RPL23; RPL27A; RPS10; RPL29; RPL6; RPL13A; UBA52; RPL9P7; RPS9; RPL10A; RPL5; RPS4Y1; RPL3; RPS5; RPL12; RPL9; RPS15A; RPS12; RPS4X; RPLP2; RPL23A; RPS20; RPS3A; RPS17; RPS14; RPS3; RPS23; RPS25; RPL13; RPS24; RPS7; RPL11; RPSA; RPL18A; FAU; RPL15; RPS2; RPL34; RPS11; RPL30; RPL8; RPS16; RPL24; RPS18; RPL9P8; RPS27A; RPL31; RPS15; RPL41; RPL35; RPS8; RPL7; RPL19; RPS27,83
"60S ribosomal subunit, cytoplasmic",RPL18A; RPL37A; RPL12; RPL27; RPLP0; RPL14; RPL15; RPL9; RPL10; RPL35A; RPL34; RPL17; RPL39; RPL21; RPLP1; RPLP2; RPL18; RPL23; RPL30; RPL23A; RPL36; RPL27A; RPL8; RPL37; RPL29; RPL6; RPL13A; RPL38; RPL24; UBA52; RPL9P8; RPL9P7; RPL10A; RPL28; RPL5; RPL13; RPL32; RPL36A; RPL7A; RPL3; RPL9P8; RPL31; RPL11; RPL41; RPL35; RPL26; RPL7; RPL19; RPL4; RPL22,50
Cell cycle kinase complex CDC2,CDK1; CCNB2; PCNA; CCND1; CDKN1A; CCNB1,6
Cell cycle kinase complex CDK5,CDKN1A; CDK5; CCND3; CCND1; PCNA,5
"28S ribosomal subunit, mitochondrial",MRPS18C; MRPS33; MRPS15; DAP3; MRPS18A; MRPS30; MRPS35; MRPS34; MRPS22; MRPS7; MRPS21; MRPS28; MRPS10; MRPS24; MRPS11; MRPS2; MRPS27; MRPS18B; MRPS17; MRPS25; MRPS16; MRPS23; MRPS6; MRPS9; MRPS14; MRPS26; MRPS31; MRPS12; KGD4; MRPS5,30
"55S ribosome, mitochondrial",MRPL32; MRPL14; MRPS18A; MRPL23; MRPS35; MRPS28; MRPL15; MRPS27; MRPS16; MRPL10; MRPL20; MRPL36; MRPL21; MRPL46; MRPL43; MRPL54; MRPS26; MRPL42; MRPL45; MRPL49; MRPL13; MRPS15; MRPL28; MRPL52; MRPL34; MRPL22; MRPL41; MRPL50; MRPS2; MRPL18; MRPS25; MRPS23; MRPL24; MRPL11; MRPL9; MRPL38; MRPS12; MRPL3; MRPL55; MRPS5; KGD4; MRPL44; MRPS33; DAP3; MRPS30; MRPS22; MRPS7; MRPS21; MRPS24; MRPL40; MRPS18B; MRPS17; MRPL2; MRPS6; MRPL30; MRPL19; MRPL47; MRPL27; MRPL12; MRPL53; MRPS31; MRPL48; MRPS18C; LACTB; MRPL35; MRPL16; MRPS34; MRPL39; MRPS10; MRPS11; MRPL4; MRPL1; MRPL17; MRPL51; MRPL37; MRPS9; MRPS14; MRPL33,78
"39S ribosomal subunit, mitochondrial",MRPL32; LACTB; MRPL14; MRPL44; MRPL28; MRPL52; MRPL23; MRPL34; MRPL35; MRPL16; MRPL22; MRPL39; MRPL55; MRPL41; MRPL15; MRPL50; MRPL4; MRPL1; MRPL40; MRPL17; MRPL51; MRPL18; MRPL2; MRPL24; MRPL10; MRPL20; MRPL30; MRPL19; MRPL37; MRPL36; MRPL21; MRPL11; MRPL9; MRPL38; MRPL47; MRPL46; MRPL43; MRPL27; MRPL54; MRPL12; MRPL53; MRPL48; MRPL3; MRPL42; MRPL33; MRPL45; MRPL49; MRPL13,48
Sarcoglycan-sarcospan complex SG-SPN,SSPN; SGCB; SGCD; SGCA; SGCG,5
PCNA-MutS-alpha-MutL-alpha-DNA complex,MLH1; MSH2; MSH6; PMS2; PCNA,5
MCM complex,MCM2; MCM3; MCM4; MCM6; MCM7; MCM5,6
18S U11/U12 snRNP,SF3B1; SNRPB; SF3B4; ZCRB1; YBX1; SNRNP48; PDCD7; SNRNP35; SNRPE; DHX15; RNPC3; ZMAT5; ZRSR2; SNRPF; SNRNP25; SF3B5; SF3B3; PRPF8; SF3B6; SNRPD1; SNRPG; SF3B2; SNRPD2; SNRPD3,24
BASC complex (BRCA1-associated genome surveillance complex),MLH1; RFC2; BLM; MSH2; RFC4; MRE11; MSH6; BRCA1; NBN; ATM; RFC1; RAD50,12
BASC (Ab 80) complex (BRCA1-associated genome surveillance complex),MLH1; RFC2; BLM; MSH2; RFC4; MSH6; BRCA1; RFC1,8
BASC (Ab 81) complex (BRCA1-associated genome surveillance complex),MLH1; RFC2; RFC4; BRCA1; ATM; RFC1,6
GCN5-TRRAP histone acetyltransferase complex,TADA3; TRRAP; SUPT3H; MSH2; TAF9; TAF10; MSH6; BRCA1; KAT2A; TAF5L,10
TFTC-type histone acetyl transferase complex,TRRAP; ESR1; MED24; MED16; MED1; MED13; MED12; MED23; MED17; MED14; KAT2A,11
BP-SMAD complex,ERCC3; SMAD9; TGFBI; GJB6; BACH1; PSMC3; KLF10; MXI1,8
PCAF complex,TADA3; TRRAP; TADA2A; SUPT3H; KAT2B; TAF9; TAF10; TAF6L; TAF12; TAF5L,10
"TFIID complex, B-cell specific",TAF4; TAF1; TAF12; TAF13; TAF9; TAF10; TBP; TAF5; TAF7; TAF11; TAF4B; TAF6,12
WIP-WASp-actin-myosin-IIa complex,ACTA2; WAS; MYL12A; MYH9; MYL6; WIPF1,6
DA complex,GTF2A2; TAF4; TAF3; TAF12; TAF13; TAF9; TAF10; TAF2; TBP; TAF5; TAF6; TAF7; TAF11; TAF1; GTF2A1,15
DAB complex,GTF2A2; TAF4; TAF3; TAF12; TAF13; TAF9; TAF10; TAF2; TBP; TAF5; TAF6; TAF7; TAF11; TAF1; GTF2B; GTF2A1,16
KCNQ1 macromolecular complex,PRKACA; AKAP9; PPP1CA; PRKAR2A; KCNQ1,5
TIP60 histone acetylase complex,TRRAP; ACTL6A; RUVBL1; RUVBL2; KAT5,5
DRIP complex,MED17; MED4; VDR; RXRB; MED24; MED16; MED1; MED13; MED12; MED6; MED23; MED7; MED14; MED26,14
core-histone (H2A/H2B/H3/H4)-TDIF2-TDT complex,H3C6; H3C12; H4C12; H4C15; H4C3; H3C7; H3C10; H4C1; H4C5; H4C9; H4C6; H3C8; H4C16; H3C2; H4C4; H3C3; H4C2; DNTTIP2; H4C14; H3C4; H4C8; H3C1; DNTT; H3C11; H4C11; H4C13; H2AC20; H2BC21,28
"PBAF complex, BAF200-specific",SMARCC2; SMARCE1; ACTL6A; SMARCC1; SMARCD1; ARID2; SMARCA4; SMARCB1,8
Decapping complex,DCP2; EDC3; EDC4; DCP1A; DDX6,5
LSm1-7 complex,LSM5; LSM6; LSM2; LSM1; LSM7; LSM3; LSM4,7
LSm2-8 complex,LSM5; LSM6; LSM2; LSM8; LSM7; LSM3; LSM4,7
"F1F0-ATPase, mitochondrial",ATP5MG; ATP5F1A; ATP5PD; ATP5PO; ATP5F1D; ATP5F1E; MT-ATP6; ATP5F1B; ATP5F1C; ATP5ME; ATP5PB; ATP5PF; ATP5IF1; ATP5MF; ATP5MC1; MT-ATP8,16
p300-CBP-p270-SWI/SNF complex,SMARCC2; EP300; ARID1A; CREBBP; SMARCC1; SMARCA4; SMARCB1,7
Mi2/NuRD-BCL6-MTA3 complex,BCL6; MTA3; MBD3; CHD4; HDAC1,5
NuRD.1 complex,HDAC2; MBD3; RBBP4; CHD4; RBBP7; HDAC1; MTA1,7
SAP complex (Sin3-associated protein complex),SIN3A; RBBP4; SAP130; RBBP7; SAP30; HDAC1; HDAC2; ARID4B,8
NRD complex (Nucleosome remodeling and deacetylation complex),RBBP4; CHD4; MTA1; CHD3; KDM1A; HDAC1; HDAC2,7
CoREST-HDAC complex,RCOR1; ZNF217; PHF21A; HMG20B; KDM1A; HDAC1; HDAC2,7
LSD1 complex,ZMYM2; RCOR1; PHF21B; HMG20A; RREB1; ZNF217; CTBP1; HMG20B; PHF21A; KDM1A; RCOR3; HSPA1A; HDAC1; HSPA1B,14
Anti-HDAC2 complex,ZMYM2; SIN3A; RCOR1; GSE1; GTF2I; PHF21A; HMG20B; RBBP4; ZMYM3; CHD4; MTA1; CHD3; KDM1A; MTA2; RBBP7; HDAC1; HDAC2,17
anti-BHC110 complex,ZMYM2; RCOR1; GSE1; ZNF217; PHF21A; HMG20B; ZMYM3; KDM1A; HDAC1; GTF2I; HDAC2,11
XFIM complex,ZMYM3; KDM1A; HDAC1; GTF2I; HDAC2,5
BHC complex,RCOR1; PHF21A; HMG20B; KDM1A; HDAC1; HDAC2,6
CtBP complex,ZEB2; ZNF516; RCOR1; ZNF217; CTBP1; LCOR; CBX4; ZEB1; KDM1A; RCOR3; EHMT1; CDYL; EHMT2; HDAC1; RREB1; CTBP2; HDAC2,17
CtBP core complex,RCOR1; CTBP1; ZEB1; KDM1A; EHMT1; EHMT2; HDAC1; CTBP2; HDAC2,9
HDAC1-associated protein complex,RCOR1; MBD3; RBBP4; CHD3; KDM1A; MTA2; RBBP7; HDAC1; MBD2,9
HDAC1-associated core complex cII,RCOR1; MBD3; RBBP4; CHD3; MTA2; RBBP7; HDAC1; MBD2; GATAD2A,9
HDAC2-asscociated core complex,MBD3; RBBP4; CHD3; MTA2; RBBP7; HDAC2; GATAD2A,7
AP3-BLOC1 complex,DTNBP1; AP3B1; SNAPIN; AP3M1; AP3D1; BLOC1S6; BLOC1S4; BLOC1S5; BLOC1S1; BLOC1S2; AP3S1; BLOC1S3,12
BLOC1-BLOC2 complex,HPS6; DTNBP1; SNAPIN; HPS3; BLOC1S6; BLOC1S5; BLOC1S1; BLOC1S3; BLOC1S2; HPS5; BLOC1S4,11
"Retromer complex (SNX1, SNX2, VPS35, VPS29, VPS26A)",VPS26A; VPS35; SNX1; VPS29; SNX2,5
SIN3-SAP25 complex,SIN3A; SAP25; SAP18; RBBP4; SUDS3; SAP130; RBBP7; SAP30; HDAC1; HDAC2; ARID4B,11
SIN3-HDAC-SAP30-ARID4 complex,SIN3A; RBBP4; RBBP7; SAP30; HDAC1; HDAC2; ARID4B,7
BRMS1-mSin3A corepressor complex,SIN3A; RBBP4; BRMS1; RBBP7; SAP30; HDAC1; SIN3B; HDAC2,8
Brg1-associated complex I,SMARCC2; ARID1A; SMARCE1; ACTL6A; PRMT5; SMARCC1; SMARCD1; SMARCA4; SMARCB1,9
Brm-associated complex,SMARCC2; ARID1A; SMARCE1; ACTL6A; PRMT5; SMARCC1; SMARCA2; SMARCD1; SMARCB1,9
BRG1-SIN3A complex,SMARCC2; SIN3A; ARID1A; SMARCE1; ACTL6A; PRMT5; SMARCC1; SMARCD1; RBBP4; SMARCD2; SMARCD3; SMARCA4; SMARCB1; HDAC2,14
BRM-SIN3A complex,SMARCC2; SIN3A; ARID1A; SMARCE1; ACTL6A; PRMT5; SMARCC1; SMARCA2; RBBP4; SMARCD1; SMARCD2; SMARCD3; HDAC1; SMARCB1; HDAC2,15
P2X7 receptor signalling complex,ITGB2; PTPRB; ACTB; MPP3; ACTN4; P2RX7; HSP90AB1; LAMA3; PI4KA; SVIL; HSPA1A; HSPA8,12
DDB2 complex,GPS1; COPS2; COPS8; COPS6; COPS5; DDB1; RBX1; COPS4; CUL4A; COPS3; COPS7A; DDB2,12
CSA complex,GPS1; COPS2; COPS8; COPS6; COPS5; DDB1; RBX1; COPS4; CUL4A; COPS3; ERCC8; COPS7A,12
CSA-POLIIa complex,GPS1; COPS2; COPS8; COPS6; POLR2A; COPS5; DDB1; RBX1; COPS4; CUL4A; COPS3; ERCC8; COPS7A,13
SIN3-ING1b complex I,SIN3A; SAP18; RBBP4; RBBP7; SAP30; ING1; HDAC1; HDAC2; ARID4B,9
SIN3-ING1b complex II,SMARCC2; SIN3A; ARID1A; ACTL6A; SAP18; SMARCC1; SMARCD1; RBBP4; RBBP7; SAP30; ING1; SMARCA4; HDAC1; SMARCB1; HDAC2; ARID4B,16
NCOR-HDAC3 complex,TBL1XR1; TBL1X; HDAC3; NCOR1; GPS2,5
"eIF3 complex (EIF3S6, EIF3S5, EIF3S4, EIF3S3, EIF3S6IP, EIF3S2, EIF3S9, EIF3S12,  EIF3S10, EIF3S8,  EIF3S1, EIF3S7)",EIF3D; EIF3I; EIF3B; EIF3J; EIF3L; EIF3H; EIF3K; EIF3E; EIF3C; EIF3G; EIF3A; EIF3F,12
UTM-SGCE-DAG1-CAV1-NOS3 complex,NOS3; UTRN; DAG1; SGCE; CAV1,5
"Exon junction complex (EIF4A3, MLN51, UPF3B, MAGOH, Y14)",EIF4A3; MAGOH; RBM8A; UPF3B; CASC3,5
"Exon junction complex (EIF4A3, MLN51, UPF3B, MAGOH, Y14, PYM)",EIF4A3; MAGOH; RBM8A; UPF3B; CASC3; PYM1,6
TREX complex,DDX39B; THOC5; THOC7; THOC2; THOC1; THOC3; THOC6; ALYREF,8
THO complex,THOC5; THOC7; THOC2; THOC1; THOC6,5
LARC complex (LCR-associated remodeling complex),HNRNPC; ACTB; SMARCC1; MTA2; MBD2; HDAC2; SMARCC2; ACTL6A; MBD3; SMARCB1; SMARCE1; RBBP4; DPF2; ARID1A; CHD4; SMARCD2; SMARCA4; HDAC1; GATAD2B,19
URI complex (Unconventional prefoldin RPB5 Interactor),URI1; RUVBL1; RUVBL2; POLR2E; STAP1; CUL1; PFDN2; SKP2; SKP1,9
NuA4/Tip60-HAT complex B,TRRAP; ACTL6A; RUVBL1; RUVBL2; MORF4L1; KAT5; DMAP1; EPC1,8
NuA4/Tip60-HAT complex A,MRGBP; BRD8; EP400; TRRAP; MEAF6; ACTL6A; RUVBL1; RUVBL2; MORF4L1; KAT5; EPC2; DMAP1; ING3; YEATS4; EPC1,15
DMAP1-associated complex,BRD8; EP400; TRRAP; ACTL6A; RUVBL1; RUVBL2; SRCAP; VPS72; DMAP1; EPC1,10
BRG1-SIN3A-HDAC containing SWI/SNF remodeling complex I,SMARCC2; SIN3A; ARID1A; SMARCE1; ACTL6A; PRMT5; SMARCC1; SMARCD1; SMARCA4; SMARCB1; HDAC2,11
BRM-SIN3A-HDAC complex,SMARCC2; SIN3A; ARID1A; SMARCE1; ACTL6A; PRMT5; SMARCC1; SMARCA2; SMARCD1; SMARCD2; SMARCB1; HDAC2,12
BRG1-associated complex,SMARCC2; ARID1A; SMARCE1; ACTL6A; PRMT5; SMARCC1; SMARCD1; SMARCA4; SMARCB1,9
BRM-associated complex,SMARCC2; ARID1A; SMARCE1; ACTL6A; PRMT5; SMARCC1; SMARCA2; SMARCD1; SMARCD2; SMARCB1,10
FCP1-associated protein complex,ERH; CTDP1; PRMT5; GTF2F1; WDR77; POLR2B; STK38,7
Postsplicing complex,NXF1; RNPS1; UPF3A; RBM8A; UPF3B; UPF1; UPF2,7
"mRNA decay complex (UPF1, UPF2, UPF3B, DCP2, XRN1, XRN2, EXOSC2, EXOSC4, EXOSC10, PARN)",DCP2; XRN2; EXOSC10; UPF3B; PARN; UPF1; UPF2; XRN1; EXOSC2; EXOSC4,10
Anti-SMN protein complex,DDX20; SNRPB; GEMIN2; SMN2; GEMIN4; SMN1,6
Anti-Sm protein complex,CLNS1A; DDX20; SNRPB; PRMT5; GEMIN2; SMN2; GEMIN4; SMN1,8
20S methylosome and RG-containing Sm protein complex,SNRPD2; CLNS1A; SNRPB; PRMT5; SNRPD3; SNRPD1,6
6S methyltransferase and RG-containing Sm proteins complex,SNRPE; SNRPD2; CLNS1A; SNRPB; SNRPD3; SNRPD1; SNRPG; SNRPF,8
"RICH1/AMOT polarity complex, Flag-Rich1 precipitated",ARHGAP17; CD2AP; SH3KBP1; AMOT; CAPZB; CAPZA1; PALS1; PATJ,8
"RICH1/AMOT polarity complex, Flag-Amot precipitated",ARHGAP17; MPDZ; AMOT; AMOTL1; PATJ; AMOTL2; PALS1; MPP7,8
TRAP-SMCC mediator complex,MED8; MED18; MED22; MED4; MED1; MED29; MED19; MED17; MED11; MED25,10
BRAF53-BRCA2 complex,RCOR1; PHF21A; HMG20B; KDM1A; BRCA2; HDAC1; HDAC2,7
"SNARE complex (STX6, STX16, VAMP4, VTI1a, VTI1b)",VTI1A; VTI1B; VAMP4; STX6; STX16,5
MTA1 complex,MBD3; HDAC2; RBBP4; RBBP7; HDAC1; MTA1,6
MTA2 complex,SIN3A; MBD3; RBBP4; CHD4; MTA2; RBBP7; HDAC1; HDAC2,8
MTA1-HDAC core complex,HDAC2; RBBP4; RBBP7; HDAC1; MTA1,5
Mediator complex 1,CCNC; MED6; MED23; CDK8; MED14,5
KIF3A/B-PAR-3-aPKC-PAR-6 complex,KIF3A; PRKCI; PARD6A; KIF3B; PARD3,5
ARC92-Mediator complex,MED15; MED17; MED16; MED25; MED1; MED13; MED12; MED6; MED23; MED7; CDK8; MED26; MED14,13
CRSP-Mediator 2 complex,MED18; MED15; MED17; MED4; MED24; MED16; MED6; MED23; MED7; MED14,10
Toposome,HNRNPC; SSRP1; TOP2A; PRPF8; SRPK1; DHX9; DDX21,7
CENP-A NAC complex,CENPM; CENPC; CENPU; CENPH; CENPB; CENPN; CENPT,7
CEN complex,CENPL; NUP93; CENPC; CENPK; WDR11; RNF2; CENPO; CUL4A; DHX38; ZFP91; CENPA; SUPT16H; RSF1; DDB1; BMI1; SHCBP1; VIRMA; CBX3; KIF23; SSRP1; CENPM; PLPPR3; HSPA5; HSPA8; ZC3H13; CENPI; SRRT; CBX8; CENPU; CENPH; RACGAP1; SMARCA5; RING1; FBL; CENPB; WTAP; COBLL1,37
"FACT complex, UV-activated",SSRP1; SUPT16H; CSNK2B; CSNK2A1; CSNK2A2,5
EED-EZH2 complex,SUZ12; RBBP4; EZH2; EED; AEBP2,5
GAA1-GPI8-PIGT-PIG-PIGS complex,PIGT; GPAA1; PIGU; PIGS; PIGK,5
Polycomb repressive complex 2/3,SUZ12; RBBP4; RBBP7; EZH2; EED,5
RC complex (Replication competent complex),RFC2; POLA2; CDK2; CCNA2; RFC4; RFC5; POLA1; RFC1; RFC3,9
"RC complex, S-phase-specific",POLE; TOP1; RFC2; CDK2; CCNA2; LIG1; RPA1; POLD1; RPA3; PARP1; RPA2; POLA1; RFC1,13
RC complex during G2/M-phase of cell cycle,POLE; TOP1; RFC2; CDK1; CCNA2; RPA1; POLD1; RPA3; PARP1; RPA2; POLA1; RFC1; CCNB1,13
ORC complex (origin recognition complex),ORC3; ORC6; ORC4; ORC2; ORC5; ORC1,6
TFIIH transcription factor core complex,ERCC3; GTF2H3; GTF2H4; GTF2H2; GTF2H1,5
ORC 1-5 complex (origin recognition 1-5 complex),ORC3; ORC4; ORC2; ORC5; ORC1,5
"Retromer complex (SNX1, SNX2, VPS35, VPS29, VPS26B)",VPS35; SNX1; VPS29; VPS26B; SNX2,5
12S U11 snRNP,SNRNP25; SNRNP35; SNRPE; TOE1; SNRPD2; SNRPB; PRKRIP1; SNRPD3; SNRPD1; SNRPG; YBX1; SNRNP48; PDCD7; SNRPF; SRSF7,15
DNA repair complex NEIL2-PNK-Pol(beta)-LigIII(alpha)-XRCC1,NEIL2; XRCC1; PDXK; POLB; LIG3,5
DNA repair complex NEIL1-PNK-Pol(beta)-LigIII(alpha)-XRCC1,XRCC1; PDXK; NEIL1; POLB; LIG3,5
Frataxin complex,ATP5MG; LYRM4; HSPA9; SDHA; HSPD1; FXN; AFG3L2,7
"eIF3 complex (EIF3S6, EIF3S5, EIF3S4, EIF3S3, EIF3S6IP, EIF3S2, EIF3S9, EIF3S12,  EIF3S10, EIF3S8,  EIF3S1, EIF3S7, PCID1)",EIF3D; EIF3I; EIF3B; EIF3J; EIF3L; EIF3H; EIF3K; EIF3E; EIF3M; EIF3C; EIF3G; EIF3A; EIF3F,13
DNA synthesome complex (13 subunits),POLD4; POLA2; TOP2A; RPA1; POLD2; POLD1; PRIM1; TOP1; POLA1; POLD3; RFC1; PCNA; PRIM2,13
transcription factor IIIC multisubunit complex,GTF3C4; GTF3C3; GTF3C5; GTF3C1; GTF3C2,5
TFIIIC containing-TOP1-SUB1 complex,TOP1; GTF3C4; GTF3C3; GTF3C5; GTF3C1; SUB1; GTF3C2,7
DNA synthesome core complex,POLD4; POLA2; POLD2; POLD1; PRIM1; POLA1; POLD3; RFC1; PCNA; PRIM2,10
DNA synthesome complex (15 subunits),POLD4; POLE; POLA2; LIG1; POLE4; POLD2; POLD1; POLE3; PRIM1; POLE2; POLA1; POLD3; RFC1; PCNA; PRIM2,15
DNA synthesome complex (17 subunits),POLD4; POLE; TOP1; POLA2; TOP2A; POLE4; RPA1; POLD2; POLD1; POLE3; PRIM1; POLE2; POLA1; POLD3; RFC1; PCNA; PRIM2,17
5S-DNA-TFIIIA-TFIIIC2 subcomplex,GTF3A; GTF3C4; GTF3C3; GTF3C5; GTF3C1; GTF3C2,6
5S-DNA-TFIIIA-TFIIIC2-TFIIIB subcomplex,BRF1; BDP1; GTF3A; GTF3C4; TBP; GTF3C3; GTF3C5; GTF3C1; GTF3C2,9
CF IIAm complex (Cleavage factor IIAm complex),PTBP1; CPSF6; DHX16; ERCC3; PCF11; U2AF1; SFPQ; TJP1; CLP1; CAPRIN1; GTF2H4; MRE11; CPSF7; CPSF3; U2AF2; NUDT21,16
SMN complex (16 subunits),SMN1; SNRPE; GEMIN6; SNRPD2; DDX20; GEMIN8; SNRPB; STRAP; GEMIN2; GEMIN7; SMN2; SNRPD1; GEMIN4; SNRPD3; SNRPG; GEMIN5; SNRPF,17
Cleavage and polyadenylation factor (CPSF),CPSF2; CPSF1; FIP1L1; CPSF4; CPSF3,5
"Polyadenylation complex (CSTF1, CSTF2, CSTF3, SYMPK CPSF1, CPSF2, CPSF3)",CSTF3; CSTF2; SYMPK; CPSF2; CSTF1; CPSF1; CPSF3,7
Histone H3.1 complex,H3C6; H3C12; H4C12; H4C15; IPO4; ASF1B; H4C3; CHAF1A; H3C7; H3C10; H4C1; H4C5; H4C9; H4C6; H3C8; H4C16; H3C2; H4C4; H3C3; NASP; RBBP4; H4C2; CHAF1B; H4C14; H3C4; ASF1A; H4C8; H3C1; H3C11; H4C11; H4C13; HAT1,32
Histone H3.3 complex,H4C15; H4C12; IPO4; ASF1B; H4C3; H4C1; H4C9; H4C5; H4C6; H4C16; H4C4; NASP; RBBP4; H4C2; HIRA; H4C14; ASF1A; H3-3A; H4C8; H3-3B; H4C11; H4C13; HAT1,23
Integrator complex,INTS10; INTS6; INTS8; INTS9; INTS11; INTS7; INTS12; INTS5; INTS2; INTS3; INTS4; INTS1,12
DSS1 complex,INTS10; INTS6; INTS8; INTS9; INTS11; LENG8; SAC3D1; INTS7; BRCA2; INTS2; SEM1; INTS4; INTS5,13
Integrator-RNAPII complex,INTS10; INTS6; INTS8; INTS9; INTS11; POLR2A; INTS7; INTS12; INTS5; POLR2B; INTS2; INTS3; INTS4; INTS1,14
"Ubiquitin E3 ligase (DDB1, DDB2, CUL4A, CUL4B, RBX1)",DDB1; RBX1; CUL4A; CUL4B; DDB2,5
p400-associated complex,EP400; TRRAP; ACTB; ACTL6A; RUVBL1; RUVBL2,6
Paf complex,CTR9; SKIC8; PAF1; CDC73; LEO1,5
c-MYC-ATPase-helicase complex,TRRAP; ACTL6A; RUVBL1; RUVBL2; MYC,5
NCBP1-NCBP2-PHAX-RAN-XPO1 complex,XPO1; NCBP2; NCBP1; RAN; PHAX,5
BCOR complex,RYBP; RING1; RNF2; KDM2B; HSPA8; PCGF1; SKP1; BCOR,8
CENP-A NAC-CAD complex,CENPL; CENPC; CENPM; CENPK; CENPH; CENPQ; CENPU; CENPS; CENPB; CENPO; CENPP; CENPN; ITGB3BP; CENPT,14
C complex spliceosome,CACTIN; CWC15; PNN; PLRG1; SNRPF; MTREX; HNRNPA1; HNRNPA2B1; SNRPB2; PRPF8; SNRPD1; FRG1; AQR; SNRPA1; SF3B2; ISY1; PPIE; PRPF19; DHX8; SRRM1; HNRNPC; U2AF1; RBM8A; PPWD1; RBMX; PABPC1; SNRNP200; SRRM2; SF3B3; CDC40; SF3A3; GPATCH1; SNRPD2; HNRNPH1; SNRPD3; HNRNPK; SNRNP40; SF3B1; WDR83; EFTUD2; DHX38; DDX5; SNW1; SF3A2; HNRNPU; LSM3; RBM22; TFIP11; SF3A1; DHX35; PPIL1; HNRNPR; SNRPG; DDX23; ALYREF; PRP4K; HNRNPA3; DDX41; PRPF6; CDC5L; SYNCRIP; SART1; SYF2; CWC27; LSM2; SLU7; SNRPB; ESS2; SNRPE; PPIL3; MAGOH; HNRNPM; ZCCHC8; CRNKL1; HNRNPF; XAB2; EIF4A3; CWC22; RALY; SRSF1,80
CDC5L core complex,PLRG1; GCN1; CDC5L; HSPA8; BCAS2; PRPF19,6
CDC5L complex,SRRM1; PPM1D; SF3B1; SFPQ; CWC15; SF3B4; BCAS2; PPP1CA; PLRG1; BZW1; TOP2A; RBMX; SCAF8; SRSF2; ILF2; TCF4; SNRPD1; HSPA8; SNRPA1; PRKDC; SF3B2; GCN1; SNRPA; SNRPD2; DYNC1H1; SFI1; SNRPD3; CDC5L; PRPF19; SRSF1,30
ESCRT-III complex,CHMP2B; CHMP1B; CHMP6; CHMP4B; CHMP3; CHMP4A; CHMP2A; CHMP4C; CHMP5; CHMP1A,10
DNA double-strand break end-joining complex,XRCC5; XRCC4; XRCC6; LIG4; MRE11; NBN; RAD50,7
RNA pol II containing coactivator complex Tat-SF,SUPT5H; CDK9; POLR2A; NCL; HTATSF1,5
E2F-6 complex,PCGF6; YAF2; TFDP1; MGA; RING1; GJB3; RNF2; L3MBTL2; EHMT1; EHMT2; E2F6; MAX,12
Oligosaccharyltransferase complex (Stt3A variant),STT3A; DAD1; RPN2; DDOST; RPN1; MAGT1,6
Oligosaccharyltransferase complex (Stt3B variant),DAD1; TUSC3; RPN2; DDOST; STT3B; RPN1; MAGT1,7
"TRF-Rap1 complex I, 2MD",TERF2IP; TERF1; TNKS; POT1; TERF2; TINF2,6
"Ubiquitin E3 ligase (AHR, ARNT, DDB1, TBL3, CUL4B, RBX1)",DDB1; RBX1; TBL3; AHR; CUL4B; ARNT,6
"Ubiquitin E3 ligase (DET1, DDB1, CUL4A, RBX1, COP1)",DET1; DDB1; RBX1; CUL4A; COP1,5
"H2AX complex, isolated from cells without IR exposure",H4C15; H4C12; H4C3; EIF3L; H4C1; H4C9; H4C5; H4C6; SUPT16H; H4C16; PABPC1; H4C4; NPM1; SSRP1; H2BC26; HSPA5; H4C2; HNRNPR; CALR; H2AX; CALM1; H4C14; H4C8; SSB; H4C11; H4C13,26
H2AX complex I,H2AX; H2BC26; HSPA5; DHX30; PARP1; CALR; NPM1,7
H2AX complex II,H4C15; H4C12; H4C3; H2BC3; H4C1; H4C9; H4C5; H4C6; PTCD3; H4C16; H4C4; NPM1; H2BC26; HSPA5; H4C2; CALR; H2AX; H4C14; H4C8; YBX3; H4C11; H2BC14; H4C13,23
WINAC complex,SMARCC2; ARID1A; SMARCE1; ACTL6A; SUPT16H; VDR; SMARCC1; SMARCA2; CHAF1A; SMARCA4; SMARCD1; TOP2B; BAZ1B; SMARCB1,14
FIB-associated protein complex,TUBB1; PRMT5; C1QBP; FBL; TUBA1A; PRMT1,6
EBAFb complex,SMARCC2; MLLT1; ACTL6A; SMARCE1; ARID1B; SMARCC1; SMARCD1; SMARCD2; SMARCA4; SMARCB1,10
EBAFa complex,SMARCC2; ARID1A; MLLT1; ACTL6A; SMARCE1; SMARCC1; SMARCD1; SMARCD2; SMARCA4; SMARCB1,10
Menin-associated histone methyltransferase complex,DPY30; WDR5; ASH2L; MEN1; POLR2B; RBBP5; KMT2B,7
MLL-HCF complex,WDR5; SERPIND1; ASH2L; MEN1; RBBP5; KMT2A; HCFC1,7
ALL-1 supercomplex,SMARCC1; TBP; CHD3; MTA2; EFTUD2; KMT2A; HDAC2; SMARCC2; SYMPK; CPSF2; MBD3; KDM1A; SMARCB1; SIN3A; SAP18; RBBP4; RBBP7; SAP30; RBBP5; TAF1; TAF12; WDR5; SMARCA5; SMARCA2; TAF9; HDAC1; TAF6; RAN,28
SRm160/300 complex,SRRM2; SRRM1; SNRNP70; TRA2B; SNRPA1,5
Multiprotein bridging complex (translationally coupled mRNA turnover),CSDE1; HNRNPD; SYNCRIP; PABPC1; PAIP1,5
"Transcription initiation factor complex (TAF1, TAF5, TAF11, TAF12, TBP)",TBP; TAF5; TAF11; TAF1; TAF12,5
"Transcription initiation factor complex (TAF5, TAF6, TAF9, TAF11, TBP)",TAF9; TBP; TAF5; TAF11; TAF6,5
Large Drosha complex,DDX1; HNRNPUL1; ILF3; DDX17; DDX5; DHX15; SRPK1; TARDBP; DGCR8; HNRNPU; HNRNPM; ILF2; EWSR1; FUS; TAF15; HNRNPDL; DROSHA; HNRNPH1; RALY; DDX3X,20
SNW1 complex,MATR3; ABCF2; SFPQ; PRPF8; EEF1G; SNW1; DDB1; HSPA5; EEF1A1; MSH2; PFKL; TUBB; CDC5L; EFTUD2; HNRNPU; UBR5; SNRNP200; DDX23,18
Rb-tal-1-E2A-Lmo2-Ldb1 complex,TAL1; LDB1; TCF3; RB1; LMO2,5
ASCOM complex,KMT2C; NCOA6; KMT2D; ASH2L; TUBB; RBBP5; TUBA4A,7
MOF complex,WDR5; KMT2D; TAF1; TAF9; RNF2; SETD1A; RBBP5; KMT2A; TAF6; KAT8,10
NCOR1 complex,SMARCC2; TRIM28; SF3B3; SRCAP; SF3A1; SMARCC1; SMARCA4; HDAC3; SMARCB1; NCOR1,10
Mis12 centromere complex,NSL1; PMF1; CBX5; ZWINT; MIS12; DSN1,6
SMAD3/4-E2F4/5-p107-DP1 complex,SMAD4; TFDP1; E2F4; RBL1; SMAD3; E2F5,6
BHC110 complex,ZMYM2; ZNF516; RCOR1; GSE1; ZNF217; PHF21A; HMG20B; KDM1A; HDAC1; HDAC2,10
PID complex,MBD3; RBBP4; CHD4; MTA2; HDAC1,5
NCOR2 complex,SIN3A; NCOR2; HDAC2; SAP30; HDAC1; HDAC3; NCOR1,7
FA core complex 1,FANCE; FANCF; FANCA; FANCC; FANCG,5
CTCF-nucleophosmin-PARP-HIS-KPNA-LMNA-TOP complex,CTCF; LMNA; KPNA1; H2AZ1; TOP2A; H2AC19; PARP1; NPM1; H2AC18; KPNA3,10
SF3b complex,SF3B5; SF3B2; SF3B3; DDX42; SF3B1; PHF5A; SF3B6; SF3B4,8
SMN containing complex,LGALS3; SNRPD2; LGALS1; GEMIN2; SNRPD3; SMN2; SNRPD1; GEMIN4; SMN1,9
SMN-PolII-RHA complex,SNRPN; SNRPB2; DDX20; POLR2A; SNRPB; GEMIN2; TBP; GEMIN4; DHX9; GTF2B,10
CPSF6-ITCH-NUDT21-POLR2A-UBAP2L complex,CPSF6; UBAP2L; POLR2A; ITCH; NUDT21,5
CPSF6-EWSR1-ITCH-NUDT21-POLR2A-UBAP2L complex,CPSF6; UBAP2L; POLR2A; ITCH; EWSR1; NUDT21,6
CASP8-CHUK-IKBKB-MALT1-BCL10 complex,CASP8; IKBKB; BCL10; MALT1; CHUK,5
NFKB1-NFKB2-REL-RELA-RELB complex,NFKB1; NFKB2; RELB; REL; RELA,5
"IkappaB kinase complex (IKBKB, CHUK, IKBKAP, NFKBIA, RELA, MAP3K14)",NFKBIA; RELA; IKBKB; MAP3K14; ELP1; CHUK,6
COP9 signalosome complex,GPS1; COPS2; COPS8; COPS6; COPS5; COPS4; COPS3; COPS7A,8
CNS-P53 complex,GPS1; TP53; COPS2; COPS8; COPS6; COPS5; COPS4; COPS3; COPS7A,9
KAISO-NCOR complex,TRIM33; KDM4A; TBL1XR1; CORO2A; TBL1X; KIF11; HDAC3; ZBTB33; NCOR1; GPS2,10
"Ubiquitin E3 ligase (CDC34, NEDD8, BTRC, CUL1, SKP1A, RBX1)",BTRC; NEDD8; RBX1; CUL1; SKP1,5
"Ubiquitin E3 ligase (SMAD3, BTRC, CUL1, SKP1A, RBX1)",BTRC; RBX1; CUL1; SMAD3; SKP1,5
CHTF18-RFC2-5 complex,RFC2; CHTF18; RFC4; RFC5; RFC3,5
PCNA-RFC2-5 complex,RFC2; RFC3; RFC4; RFC5; PCNA,5
BRD4-RFC complex,RFC2; BRD4; RFC4; RFC5; RFC1; RFC3,6
BARD1-BRCA1-CSTF complex,BARD1; CSTF3; CSTF2; CSTF1; BRCA1,5
MDC1-MRN-ATM-FANCD2 complex,FANCD2; MRE11; NBN; ATM; RAD50; MDC1,6
MSH2/6-BLM-p53-RAD51 complex,TP53; BLM; MSH2; MSH6; RAD51,5
ASF1-interacting protein complex,H3C6; H3C12; CHAF1B; H3C3; ASF1B; ASF1A; H3C4; H3C8; H3C1; CHAF1A; H3C7; H3C11; H3C10; H3C2; HIRA,15
ASF1-histone containing complex,H3C6; H3C12; CHAF1B; ST13; CHEK2; ASF1B; ASF1A; H3C3; H3C4; H3C8; H3C1; H3C7; NASP; H3C11; H3C10; H3C2,16
"CIN85 complex (CIN85, CRK, BCAR1, CBL, PIK3R1, GRB2, SOS1)",CBL; PIK3R1; CRK; GRB2; SH3KBP1; SOS1; BCAR1,7
"LAT-PLC-gamma-1-p85-GRB2-CBL-VAV-SLP-76 signaling complex, C305 activated",CBL; PIK3R1; PLCG1; LAT; GRB2; VAV1; LCP2,7
Class C VPS/HOPS complex,VPS18; VPS16; RAB5A; VPS11; EEA1; VPS39,6
POLR2A-CCNT1-CDK9-NCL-LEM6-CPSF2 complex,CDK9; POLR2A; CPSF2; NCL; CCNT1; PPARGC1A,6
BRD4 complex,CDK9; MED24; BRD4; MED1; MED12; CCNT1; MED17; MED14,8
CCNC-CDK8-MED1-MED6-MED7 xcomplex,MED1; CCNC; MED6; MED7; CDK8,5
HES1 promoter corepressor complex,EP300; CREBBP; POLR2A; RBPJ; CDK7; SUPT6H,6
HES1 promoter-Notch enhancer complex,EP300; CDK9; SUPT16H; POLR2A; RBPJ; MED1; CDK7; INPP5K; SUPT6H; CCNT1; MAML1; CDK8; NOTCH1,13
ESR1-CDK7-CCNH-MNAT1-MTA1-HDAC2 complex,ESR1; MNAT1; MTA1; CDK7; CCNH; HDAC2,6
RNA polymerase II (RNAPII),POLR2G; CTDP1; POLR2L; POLR2K; GTF2F2; POLR2A; POLR2D; GTF2F1; POLR2E; POLR2F; POLR2H; POLR2C; POLR2B; POLR2J; GTF2B; POLR2I; RPAP1,17
BRCA1-core RNA polymerase II complex,POLR2G; POLR2L; POLR2K; POLR2A; POLR2E; POLR2F; POLR2H; POLR2C; POLR2B; BRCA1; POLR2J; POLR2D; POLR2I,13
"Ubiquitin E3 ligase (CUL1/2/3, CSN1/8, RBX1, SKP1/2)",CUL3; GPS1; COPS8; RBX1; CUL1; SKP2; CUL2; SKP1,8
HCF-1 complex,WDR5; SIN3A; HSP90AA1; ASH2L; HSPA5; HSPA4; RBBP4; SUDS3; SETD1A; RBBP7; SAP30; SP1; HSPA8; HCFC1; HDAC1; OGT; SIN3B; HDAC2,18
SRC-3 complex,CREBBP; IKBKB; RO60; IKBKG; NCOA3; NCOA2; CHUK,7
BLM complex II,TOP3A; BLM; RPA1; RPA3; RPA2; RMI1,6
17S U2 snRNP,U2AF1; DDX46; PHF5A; SF3B1; SNRPB; CHERP; SF3B4; RBM17; SF3A2; SNRPE; PUF60; SMNDC1; DHX15; DNAJC8; HSPD1; SNRPF; SF3B5; SF3B3; SNRPB2; SF3B6; SF3A1; TRAP1; SNRPD1; SNRPG; SF3A3; SNRPA1; SF3B2; SNRPD2; HMG20B; SNRPD3; U2AF2; SRSF1; U2SURP,33
"SMN complex, U7 snRNA specific",SNRPE; LSM10; SNRPB; SNRPD3; LSM11; SNRPG; SNRPF,7
TERF2-RAP1 complex,TERF2IP; XRCC5; XRCC6; TERF2; MRE11; RAD50; TINF2,7
PCNA-CHL12-RFC2-5 complex,RFC2; RFC3; CHTF18; RFC4; RFC5; PCNA,6
CTF18-cohesion-RFC complex,DSCC1; RFC2; CHTF18; RFC4; RFC5; RFC3; CHTF8,7
BRCA1-BARD1-BACH1-DNA damage complex II,BARD1; RBBP8; MRE11; BRCA1; BACH1; NBN; TOPBP1; RAD50,8
BRCA1-BARD1-BACH1-DNA damage complex I,BARD1; MLH1; MSH6; BRCA1; BACH1; TOPBP1,6
BRCA1-RNA polymerase II complex,GTF2F1; GTF2H3; POLR2E; TBP; POLR2J; GTF2B; GTF2E1; GTF2H1; POLR2G; MED21; POLR2A; POLR2I; ERCC3; POLR2F; GTF2H2; POLR2B; POLR2C; GTF2E2; POLR2L; POLR2K; GTF2F2; POLR2H; ERCC2; GTF2H4; BRCA1; POLR2D,26
RSmad complex,SMAD4; SMARCC2; TRIM33; CREBBP; ARID1B; SMARCC1; SMAD2; SMAD3; SMARCA4; NCOA3,10
ING2 complex,SIN3A; ARID4A; BRMS1L; RBBP4; BRMS1; SUDS3; SAP130; ING2; RBBP7; SAP30; HDAC1; HDAC2; ARID4B,13
"ING5 (BRPF1, MOZ, MORF) complex",KAT6A; ING5; MEAF6; KAT6B; BRPF1,5
ITGA2b-ITGB3-CD9-GP1b-CD47 complex,CD9; GP1BA; ITGA2B; ITGB3; CD47,5
"Respiratory chain complex I (early intermediate NDUFAF1 assembly), mitochondrial",NDUFB6; NDUFS3; NDUFS7; NDUFAF1; NDUFA6; NDUFA9; MT-ND1,7
"Respiratory chain complex I (intermediate V/380kD and VI/480kD), mitochondrial",NDUFS3; NDUFA2; NDUFA9; NDUFS2; MT-ND1,5
"Respiratory chain complex I (intermediate VII/650kD), mitochondrial",NDUFV2; NDUFS3; NDUFS7; NDUFA2; NDUFS5; NDUFA6; NDUFA9; NDUFS4; NDUFS2; MT-ND1,10
"Respiratory chain complex I (intermediate), mitochondrial",NDUFV2; NDUFB6; NDUFS3; NDUFS7; NDUFA2; NDUFS5; NDUFA6; NDUFA9; NDUFS4; NDUFS2; MT-ND1,11
"Respiratory chain complex I (beta subunit), mitochondrial",NDUFB6; NDUFB8; NDUFB5; NDUFB3; NDUFB2; NDUFB10; NDUFC2; MT-ND5; NDUFA4; NDUFAB1; MT-ND4; NDUFB4; NDUFB11; NDUFB1; NDUFB7; NDUFB9,16
"Respiratory chain complex I (gamma subunit), mitochondrial",NDUFA8; MT-ND4L; MT-ND3; NDUFS5; NDUFA6; NDUFC1; NDUFA1; NDUFA3; MT-ND2; NDUFA9; NDUFA10; MT-ND6; MT-ND1,13
"Respiratory chain complex I (lambda subunit), mitochondrial",NDUFA7; NDUFS6; NDUFS3; NDUFV2; NDUFS1; NDUFS7; NDUFV1; NDUFA11; NDUFA2; NDUFA12; NDUFV3; NDUFA13; NDUFS4; NDUFS8; NDUFA5; NDUFS2,16
"LAT-PLC-gamma-1-p85-GRB2-SOS signaling complex, C305 activated",PIK3R1; PLCG1; LAT; GRB2; SOS1,5
"Ecsit complex (ECSIT, GAPDH, MT-CO2, NDUFAF1, TRAF6)",TRAF6; NDUFAF1; GAPDH; MT-CO2; ECSIT,5
"Ecsit complex (ECSIT, MT-CO2, MT-ND1, NDUFA1, NDUFAF1, TRAF6)",TRAF6; NDUFAF1; NDUFA1; MT-CO2; ECSIT; MT-ND1,6
"Respiratory chain complex I (incomplete intermediate), mitochondrial",NDUFV2; NDUFS6; NDUFB8; NDUFS1; NDUFS7; NDUFV1; NDUFV3; NDUFA9; NDUFS4; NDUFA10; NDUFS2,11
SMAD3-E2F4/5-p107-DP1 complex,TFDP1; E2F4; RBL1; SMAD3; E2F5,5
"p27-cyclinE-Cdk2 - Ubiquitin E3 ligase (SKP1A, SKP2, CUL1, CKS1B, RBX1) complex",CKS1B; CDK2; CDKN1B; RBX1; CUL1; SKP2; CCNE1; SKP1,8
"Ubiquitin E3 ligase (SKP1A, SKP2, CUL1, CKS1B, RBX1)",CKS1B; RBX1; CUL1; SKP2; SKP1,5
Multisynthetase complex,KARS1; EPRS1; MARS1; LARS1; EEF1E1; QARS1; IARS1; DARS1; AIMP2; RARS1; AIMP1,11
hs4 enhancer complex (faster migrating complex),NFKB1; POU2F1; RELA; YY1; POU2F2,5
Nop56p-associated pre-rRNA complex,NOP56; RPL37A; RBM28; RPS29; ILF3; YBX1; RPL10; RPL39; RPL21; RPLP1; RPS13; RPL36; EEF2; NPM1; HNRNPA1; SCYL2; RPL28; NOP58; RPL32; RPL36A; RPL7A; RPL9P8; RPL26; H1-3; RPL4; RPS6; RPL22; U2AF1; RPL27; RPLP0; RPL14; DDX21; RPL35A; RPL17; SRP14; TUFM; RPL18; RPL23; MYBBP1A; RPL27A; EBNA1BP2; RPL29; RPL6; RPL13A; BRIX1; RPL9P7; RPS9; IGF2BP1; RPL10A; TUBA1A; RPL5; SLC25A5; LUC7L2; RPL3; NAP1L1; TUBB1; H2BC14; U2AF2; RPL12; RPL9; ACTG2; RPS15A; RPS12; RPLP2; RSL1D1; RPL23A; H1-10; SRPK1; HNRNPU; RPS3A; ILF2; RPS17; RPS14; RPS23; ACTA2; GNL3; RPL13; RPS24; SNU13; RPS7; RPL11; EEF1A1; DHX9; TCOF1; RPL18A; RPL15; RPS2; LYAR; PWP1; RPS11; RPL30; RPL8; HNRNPM; RPS16; RPL24; RPS18; RPL9P8; TOP1; RPL31; NCL; RPS15; RPL35; FBL; NOLC1; RPL7; RPS8; RPL19,107
"RNA polymerase II complex (RPB1, RAP74, CDK8, CYCC, SRB7, BAF190, BAF47), chromatin structure modifying",MED21; POLR2A; GTF2F1; SMARCA2; CCNC; CDK8; SMARCB1,7
"RNA polymerase II complex (CBP, PCAF, RPB1, BAF47, CYCC, CDK8), chromatin structure modifying",CREBBP; KAT2B; POLR2A; CCNC; CDK8; SMARCB1,6
Brg1-associated complex II,SMARCC2; ARID1A; ACTL6A; PRMT5; SMARCC1; SMARCA4; SMARCB1,7
"RNA polymerase II complex, (CDK8 complex), chromatin structure modifying",SMARCC2; MED21; SMARCC1; GTF2F1; SMARCB1; CCNC; CDK8; CCNH,8
CTF18-cohesion-RFC-POLH complex,DSCC1; RFC2; CHTF18; RFC4; RFC5; POLH; RFC3; CHTF8,8
"CTLH complex, 20S",MAEA; RMND5A; RANBP9; MKLN1; ARMC8,5
UTX-MLL2/3 complex,WDR5; KMT2C; NCOA6; N4BP2; KMT2D; PROSER1; ASH2L; RBBP5; ZNF281; PPP6R3; PAXIP1; KDM6A,12
DGCR8 multiprotein complex,FUS; NCL; HNRNPH1; HSPA5; HNRNPR; ILF3; DGCR8; DDX17; HNRNPU; DHX9; DDX5,11
DHX9-ADAR-vigilin-DNA-PK-Ku antigen complex,XRCC5; PRKDC; XRCC6; ADAR; DHX9; HDLBP,6
"SMN complex (GEMIN2, SMN1, SNRPB, SNRPDs)",SNRPE; SNRPD2; SNRPB; GEMIN2; SNRPD3; SMN2; SNRPD1; SMN1,8
TLE-Histone H3 complex,H3C6; H3C12; H3C3; H3C4; H3C8; H3C1; H3C7; H3C11; H3C10; H3C2; TLE1,11
MASH1 promoter-coactivator complex,H3C6; H3C12; H4C12; H4C15; H4C3; H3C7; NONO; H3C10; H4C1; H4C9; H4C5; H4C6; H3C8; POLR2A; H4C16; SRC; H3C2; H4C4; CREBBP; H3C3; KAT2B; HES1; H4C2; PARP1; H4C14; H3C4; H4C8; H3C1; H3C11; H4C11; H4C13,31
CAMK2-delta-MASH1 promoter-coactivator complex,CREBBP; KAT2B; POLR2A; HES1; NONO; PARP1; SRC; CAMK2D,8
NK-3-Groucho-HIPK2-SIN3A-RbpA48-HDAC1 complex,SIN3A; NKX3-1; HIPK2; RBBP4; HDAC1; TLE1,6
NCOR-SIN3-HDAC-HESX1 complex,SIN3A; NCOR2; HESX1; HDAC1; SIN3B; HDAC2,6
"SMAD2-SMAD4-FAST1-TGIF-HDAC1 complex, TGF(beta) induced",SMAD4; FOXH1; TGIF1; SMAD2; HDAC1,5
Gamma-secretase-Delta1 complex,PSENEN; APH1A; DLL1; NCSTN; PSEN1,5
"SMN complex (GEMIN2, GEMIN3, GEMIN4, GEMIN5, SMN)",DDX20; GEMIN2; SMN2; GEMIN4; SMN1; GEMIN5,6
COG1-COG8-COG2-COG3-COG4 subcomplex,COG1; COG4; COG8; COG2; COG3,5
COG1-COG8-COG5-COG6-COG7 subcomplex,COG1; COG7; COG8; COG6; COG5,5
"EIF3 complex (EIF3A, EIF3B, EIF3G, EIF3I, EIF3C)",EIF3I; EIF3B; EIF3C; EIF3G; EIF3A,5
"EIF3 complex (EIF3A, EIF3B, EIF3G, EIF3I, EIF3J)",EIF3I; EIF3B; EIF3J; EIF3G; EIF3A,5
VCP-VIMP-DERL1-DERL2-HRD1-SEL1L complex,DERL1; SYVN1; SEL1L; VCP; DERL2; SELENOS,6
"RBL2 complex (DNMT1, E2F4, E2F5, HDAC1, RBL2, SUV39H1)",DNMT1; SUV39H1; E2F4; E2F5; HDAC1; RBL2,6
"RBL2 complex (EP300, E2F4, E2F5, HDAC1, RBL2, SUV39H1)",EP300; SUV39H1; E2F4; E2F5; HDAC1; RBL2,6
"Polycystin-1 multiprotein complex (ACTN1, CDH1, SRC, JUP, VCL, CTNNB1, PXN, BCAR1, PKD1, PTK2, TLN1)",PTK2; PKD1; CDH1; ACTN1; CTNNB1; TLN1; SRC; JUP; PXN; VCL; BCAR1,11
NCOA6-DNA-PK-Ku-PARP1 complex,XRCC5; PRKDC; NCOA6; XRCC6; PARP1,5
DNA-PK-Ku-eIF2-NF90-NF45 complex,ILF2; PRKDC; XRCC5; XRCC6; ILF3; EIF2S2; EIF2S1; EIF2S3,8
SWI/SNF-related chromatin-remodeling complex,SIN3A; MECP2; SMARCE1; SMARCA2; HDAC1,5
"TNF-alpha/NF-kappa B signaling complex (CHUK, KPNA3, NFKB2, NFKBIB, REL, IKBKG,  NFKB1, NFKBIE, RELB,  NFKBIA, RELA, TNIP2)",NFKB1; NFKBIA; NFKB2; NFKBIE; RELB; REL; RELA; TNIP2; NFKBIB; IKBKG; CHUK; KPNA3,12
"TNF-alpha/NF-kappa B signaling complex (SEC16A, CHUK, IKBKB, NFKB2, REL, IKBKG, MAP3K14, RELA, FBXW7, USP2)",SEC16A; NFKB2; FBXW7; USP2; REL; RELA; IKBKB; IKBKG; MAP3K14; CHUK,10
PTIP-HMT complex,DPY30; WDR5; PAGR1; KMT2C; NCOA6; ASH2L; PAXIP1; RBBP5; KMT2B; KDM6A,10
"TNF-alpha/NF-kappa B signaling complex (CHUK, BTRC, NFKB2, PPP6C, REL, CUL1, IKBKE, SAPS2, SAPS1, ANKRD28, RELA, SKP1)",BTRC; SKP1; NFKB2; REL; RELA; PPP6C; CUL1; PPP6R1; ANKRD28; IKBKE; PPP6R2; CHUK,12
PTIP-DNA damage response complex,TP53BP1; BLM; MRE11; NBN; PAXIP1; RAD50,6
Kinase maturation complex 1,YWHAG; TRAF7; YWHAE; CDC37; HSP90AA1; MAP3K3; MARK2; PDRG1; HSP90AB1; HSPA4; YWHAB; YWHAQ; YWHAH; YWHAZ; PFDN2; MAP2K5,16
Ubiquilin-proteasome complex,UBQLN2; UBE3A; PSMA6; UBQLN1; PSMA2; PSMA1,6
Kinase maturation complex 2,TANK; TBK1; CDC37; HSP90AA1; HSP90AB1; TBKBP1; TRAF2; AZI2,8
CHUK-IQGAP2-AKAP8L-RELA-TNIP2 complex,TNIP2; RELA; CHUK; AKAP8L; IQGAP2,5
REL-MAP3K8-RELA-TNIP2-PAPOLA complex,MAP3K8; PAPOLA; REL; TNIP2; RELA,5
CHUK-NFKB2-REL-IKBKG-SPAG9-NFKB1-NFKBIE-COPB2-TNIP1-NFKBIA-RELA-TNIP2 complex,NFKB1; NFKBIA; NFKB2; NFKBIE; SPAG9; TNIP1; COPB2; REL; RELA; TNIP2; IKBKG; CHUK,12
53BP1-containing complex,XRCC5; TP53BP1; XRCC6; RPA1; RPA2,5
"TNF-alpha/Nf-kappa B signaling complex (RPL6, RPL30, RPS13, CHUK, DDX3X, NFKB2, NFKBIB, REL, IKBKG, NFKB1, MAP3K8, RELB, GLG1, NFKBIA, RELA, TNIP2,  GTF2I)",NFKB1; NFKBIA; NFKB2; MAP3K8; RELB; RPL30; RPS13; GTF2I; REL; RELA; TNIP2; NFKBIB; GLG1; IKBKG; RPL6; DDX3X; CHUK,17
TNF-alpha/NF-kappa B signaling complex 5,NFKB2; RASAL2; POLR1A; PDCD2; MTIF2; CUL1; KPNA2; NFKB1; FBXW11; POLR1D; RELA; IKBKB; LRPPRC; IKBKG; SKP1; CHUK; POLR1G; POLR2L; REL; NFKBIB; POLR2H; MCC; POLR1B; POLR1E; IQGAP2,25
CDC37-HSP90AB1-HSP90AA1-IKBKB-KIAA1967 complex,CDC37; HSP90AA1; HSP90AB1; IKBKB; CCAR2,5
Ku-ORC complex,XRCC5; ORC3; XRCC6; ORC6; ORC4; ORC2,6
CTNNB1-EP300-HADAC6-SUMO1-TCF4 complex,EP300; HDAC6; TCF4; CTNNB1; SUMO1,5
TNF-alpha/NF-kappa B signaling complex 6,RPS11; RPL30; CDC37; HSP90AA1; RPS13; HSP90AB1; IKBKB; RPL8; FBL; IKBKG; RPL6; MAP3K14; RPL4; CHUK,14
TNF-alpha/NF-kappa B signaling complex 7,TAB1; CDC37; HSP90AA1; HSP90AB1; FKBP5; TAB2; MAP3K7; TAB3,8
TNF-alpha/NF-kappa B signaling complex 8,CDC37; HSP90AA1; HSP90AB1; FKBP5; KTN1; IKBKE,6
tRNA splicing endonuclease,TSEN34; TSEN2; TSEN54; CLP1; TSEN15,5
TNF-alpha/NF-kappa B signaling complex 9,CDC37; HSP90AB1; NFKBIB; FKBP5; CHUK,5
TNF-alpha/NF-kappa B signaling complex 10,ATG16L1; TBK1; CDC37; HSP90AA1; CCAR1; HSP90AB1; NFKBIB; IKBKG; TXLNA; CHUK,10
"TRBP containing complex (DICER, TRBP, AGO2, RPL7A, EIF6, MOV10)",DICER1; EIF6; MOV10; TARBP2; AGO2; RPL7A,6
"TRBP containing complex (DICER, RPL7A, EIF6, MOV10 and subunits of the 60S ribosomal particle)",RPL18A; RPL37A; RPL12; RPL27; RSL24D1; RPL14; RPL15; RPL35A; RPL34; RPL21; RPLP1; RPLP2; RPL30; RPL36; DICER1; EIF6; MOV10; RPL10A; RPL28; RPL13; RPL32; RPL7A; RPL11; RPL7; RPL19,25
MLL1-WDR5 complex,PELP1; PRPF31; RNF2; INO80C; KMT2A; KAT8; TAF4; KANSL1; MGAM; PHF20; TEX10; ASH2L; MCRS1; E2F6; RBBP5; TAF1; HCFC1; CHD8; WDR5; SENP3; RUVBL1; LAS1L; TAF9; HSPA4; C17orf49; TAF7; TAF6,27
BRCC complex,BABAM2; BRCC3; BRCA1; BRCA2; RAD51,5
Sororin-cohesin complex,PDS5A; CDCA5; PDS5B; RAD21; SMC1A; SMC3,6
"Splicing-associated factors complex (ALYREF, DEK, RBM8A, RNPS1, SRRM1)",RNPS1; SRRM1; RBM8A; DEK; ALYREF,5
LMO4-gp130 complex,LMO4; JAK1; IL6ST; SOCS3; PTPN11,5
"LINC complex, S-phase",MYBL2; LIN54; LIN37; LIN9; RBL1; LIN52; RBBP4,7
LINC core complex,LIN54; LIN37; LIN9; RBBP4; LIN52,5
"LINC complex, quiescent cells",LIN54; LIN37; LIN9; E2F4; LIN52; RBBP4; RBL2,7
Emerin complex 1,MYO1E; ACTB; EMD; MYH9; SPTAN1; SIKE1; LMO7; CNN3,8
Emerin architectural complex,LMNA; ACTB; LMNB1; NMI; EMD; SPTAN1,6
Emerin regulatory complex,H3C6; H3C12; ACTB; H3C3; H3C4; H3C8; EMD; RBL1; H3C1; H1-1; H3C7; H3C11; LMO7; H3C10; HDAC1; BANF1; H3C2; HDAC3,18
Emerin complex 24,H3C6; H3C12; H1-1; H3C7; SAP130; H3C10; LMNA; BANF2; H3C8; HNRNPU; H3C2; MCM2; H3C3; LMNB1; C1QBP; MCM4; MCM6; RBL2; H3C4; NMI; EMD; H3C1; H3C11; RB1,24
Emerin complex 25,ACTB; LMNB1; YWHAE; CDC37; LSM2; EMD; BCCIP; YWHAB; SSB; G3BP1; HNRNPK; SAP130; SNRPD1; ZRANB2; LSM8; BANF1,16
Emerin complex 32,H3C6; H3C12; ACTB; TBL1XR1; SMARCC1; H3C7; H3C10; TRIM28; DPY30; SMARCC2; BANF2; H3C8; SPTAN1; HDAC3; H3C2; SMARCB1; H3C3; LMNB1; SAP18; RBL1; MED4; RBL2; TBL1Y; RCOR1; H3C4; NMI; EMD; H3C1; CHD4; H3C11; HDAC1,31
Emerin complex 52,DDX39A; ACTB; YWHAE; YWHAQ; H1-1; ILF3; PDCD4; LSM8; HDGF; HNRNPU; API5; THRA; LMNB1; IQGAP1; C1QBP; SNRPD1; RBL2; NMI; LEMD3; EMD; HNRNPL; HNRNPK; CKB,23
"Membrane protein complex (DERL1, NPLOC4, UFD1L, VCP, VIMP)",DERL1; NPLOC4; UFD1; VCP; SELENOS,5
BAZ2A-DNMT1-DNMT3B-HDAC1-SMARCA5 complex,BAZ2A; DNMT1; SMARCA5; HDAC1; DNMT3B,5
PPP2R1A-PPP2R1B-PPP2CA-PPME1-EIF4A1 complex,PPME1; EIF4A1; PPP2R1A; PPP2CA; PPP2R1B,5
MAP2K1-BRAF-RAF1-YWHAE-KSR1 complex,RAF1; YWHAE; BRAF; KSR1; MAP2K1,5
"Gamma-secretase complex (APH1A, PSENEN, PSEN1, NCSTN, TMP21)",PSENEN; APH1A; TMED10; NCSTN; PSEN1,5
Dynein-dynactin complex,DYNC1H1; DYNLL1; DYNC1I1; DCTN1; DYNC1LI1,5
AFF4 super elongation complex (SEC),CDK9; ELL2; MLLT1; AFF1; AFF4; EAF1; MLLT3; CCNT2; ELL3; CCNT1; ELL,11
FHF complex,AKTIP; HOOK1; HOOK3; FHIP1B; HOOK2,5
CBP80/20- dependent translation complex,NCBP2; EIF4A3; EIF3B; CTIF; UPF3B; NCBP1,6
SELK multiprotein complex,STT3A; DERL1; CANX; RPN2; SELENOK; VCP; RPN1; DERL2; SELENOS; DDOST,10
"Codanin-1-Asf1\u2013histone H3.1-histone H4\u2013importin-4 complex,  cytosolic",H3C6; H3C12; H4C12; H4C15; IPO4; H4C3; H3C7; H3C10; H4C1; CDAN1; H4C5; H4C9; H4C6; H3C8; H4C16; H3C2; H4C4; H3C3; H4C2; H4C14; H3C4; ASF1A; H4C8; H3C1; H3C11; H4C11; H4C13,27
hTREX84 complex,THOC5; THOC7; THOC2; THOC1; THOC3; THOC6,6
BBSome,BBS2; BBS7; BBS5; BBS1; BBS4; BBIP1; TTC8; BBS9,8
Exocyst complex,EXOC1; EXOC5; EXOC4; EXOC8; EXOC6; EXOC3; EXOC7; EXOC2,8
Intraflagellar transport complex B core complex,IFT27; IFT22; IFT70B; IFT81; IFT74; IFT88; IFT56; IFT52; IFT25; IFT46,10
GATOR2 complex,SEC13; SEH1L; WDR59; WDR24; MIOS,5
GATOR complex,SEC13; SEH1L; NPRL3; WDR59; DEPDC5; NPRL2; WDR24; MIOS,8
"Dynein-2 complex, cytoplasmic",DYNLT2B; DYNLT1; DYNC2I1; DYNLL2; DYNLRB1; DYNLL1; NUDCD3; DYNC2I2; DYNLRB2; DYNC2LI1; DYNC2H1; DYNLT3,12
Telomerase holoenzyme,TERT; DKC1; WRAP53; NOP10; NHP2; GAR1; SMG6,7
BBS-chaperonin complex,CCT3; BBS7; MKKS; TCP1; BBS12; CCT4; CCT2; CCT5; CCT8; BBS10,10
"MIB complex, mitochondrial",CHCHD6; MICOS13; MTX3; DNAJC11; SAMM50; CHCHD3; APOO; IMMT; MTX2; APOOL; MICOS10; MTX1,12
"MICOS complex, mitochondrial",CHCHD6; MICOS13; CHCHD3; APOO; IMMT; APOOL; MICOS10,7
Histone-2-Histone-4-ASF1A-MCM2 complex,H3C6; H3C12; H4C12; H4C15; H4C3; H3C7; H3C10; H4C1; H4C9; H4C5; H4C6; H3C8; H4C16; H3C2; H4C4; MCM2; H3C3; H4C2; H4C14; H3C4; ASF1A; H4C8; H3C1; H3C11; H4C11; H4C13,26
"prohibitin 2 complex, mitochondrial",SLC25A5; PHB2; PHB1; HAX1; VDAC2,5
tRNA Splicing Ligase Complex,FAM98B; DDX1; RTCB; RTRAF; C2orf49,5
DDX11-Ctf18-RFC complex,DDX11; DSCC1; CHTF18; ESCO1; WDHD1; PCNA,6
protein complex (DDX28; DHX30; GRSF1; FASTKD2; FASTKD5),DDX28; FASTKD2; DHX30; FASTKD5; GRSF1,5
"Elongator complex (ELP1, ELP2, ELP3, ELP4, ELP5, ELP6)",ELP5; ELP2; ELP6; ELP1; ELP4; ELP3,6
PITX2-MLL4-ASH2L-RBBP5-PTIP complex,PITX2; KMT2D; ASH2L; RBBP5; PAXIP1,5
"TNFR1 signaling complex, native",TNIP1; TAB1; BIRC3; TNFRSF1A; RNF31; TRADD; IKBKB; TRAF2; IKBKG; RIPK1; TAB2; MAP3K7; RBCK1; TNF; CHUK,15
TNF-TNFR1-TRADD-RIP1-TRAF2 complex,TNFRSF1A; TRADD; TRAF2; RIPK1; TNF,5
CORVET complex,VPS18; VPS16; VPS11; VPS33A; TGFBRAP1; VPS8,6
HOPS complex,VPS18; VPS16; VPS11; VPS33A; VPS39; VPS41,6
HAUS augmin-like complex,HAUS7; HAUS2; HAUS8; HAUS6; HAUS4; HAUS3; HAUS1; HAUS5,8
SMAR1-HDAC1-SIN3A-SIN3B-p107-p130 repressor complex,SIN3A; RBL1; BANP; HDAC1; RBL2; SIN3B,6
MLL2 complex,DPY30; WDR5; KMT2D; ASH2L; PSIP1; MEN1; HCFC2; RBBP5; HCFC1; OGT,10
MLL3 complex,DPY30; WDR5; PAGR1; KMT2C; NCOA6; ASH2L; RBBP5; PAXIP1; KDM6A,9
MLL1 complex,DPY30; WDR5; ASH2L; MEN1; RBBP5; KMT2A; HCFC1; OGT,8
MLL4 complex,DPY30; WDR5; PAGR1; NCOA6; KMT2D; ASH2L; RBBP5; PAXIP1; KDM6A,9
TRAPP complex oligomer,TRAPPC6A; TRAPPC5; TRAPPC6B; TRAPPC1; TRAPPC3L; TRAPPC2; TRAPPC9; TRAPPC12; TRAPPC2L; TRAPPC8; TRAPPC10; TRAPPC11; TRAPPC4; TRAPPC3,14
VPS34-VPS15-BECLIN1-UVRAG-BCL2 complex,BCL2; BECN1; PIK3R4; PIK3C3; UVRAG,5
Mitochondrial calcium uniporter complex,MCUB; MCU; MICU1; MICU2; SMDT1,5
WASH complex,WASHC1; WASHC3; WASHC2C; WASHC4; WASHC5,5
CUL4B-DDB1-DTL-CSN complex,GPS1; DTL; COPS2; DDB1; CUL4B,5
WASH-CAPZalpa/beta complex,WASHC1; WASHC3; WASHC5; WASHC4; CAPZB; CAPZA1; WASHC2C,7
"TOM complex (TOMM5, TOMM6, TOMM7, TOMM20, TOMM22, TOMM40, TOMM70), mitochondrial",TOMM7; TOMM40; TOMM6; TOMM70; TOMM5; TOMM22; TOMM20,7
AKT1-FANCI-FANCD2-PHLPP1-PHLPP2-USP1-WDR48 complex,WDR48; FANCD2; PHLPP2; PHLPP1; AKT1; FANCI; USP1,7
SWELL1-containing complex,LRRC8C; LRRC8D; LRRC8B; LRRC8A; LRRC8E,5
3M complex,TP53; CUL7; RBX1; OBSL1; CCDC8; FBXW8; CUL9,7
Intraflagellar transport complex A,IFT140; WDR19; WDR35; IFT122; TTC21B,5
BBS1-BBS4-BBS5-PKD1-TTC8 complex,PKD1; BBS5; BBS1; BBS4; TTC8,5
AP5-SPG11-SPG15 complex,ZFYVE26; AP5M1; AP5Z1; AP5B1; SPG11; AP5S1,6
"CCC-Wash (WASH1, FAM21C) complex",WASHC1; COMMD2; COMMD9; COMMD5; COMMD7; COMMD6; COMMD4; CCDC22; CCDC93; COMMD8; COMMD3; COMMD10; VPS35L; WASHC2C; COMMD1,15
USP22-SAGA complex,ATXN7L3; TADA3; USP22; TRRAP; TAF10; TAF9B; TADA2B; KAT2A,8
"SAGA complex, GCN5-linked",TRRAP; SUPT20H; ATXN7L3; TADA3; USP22; TAF6L; TADA2B; SUPT7L; TAF5L; SGF29; TAF10; TAF9B; TAF12; ADA; SUPT3H; ATXN7L1; TAF9; ATXN7L2; KAT2A,19
CCC complex,COMMD2; COMMD9; COMMD5; COMMD7; COMMD6; COMMD4; CCDC22; CCDC93; COMMD8; COMMD3; COMMD10; VPS35L; COMMD1,13
"ATAC complex, GCN5-linked",WDR5; TADA3; SGF29; ZZZ3; MBIP; TADA2A; DR1; YEATS2; KAT14; KAT2A,10
"STAGA complex, SPT3-linked",TRRAP; SAP130; SUPT20H; ATXN7L3; TADA3; USP22; TAF6L; TADA2B; SUPT7L; TAF5L; SGF29; TADA1; TAF10; ATXN7; TAF12; ENY2; SUPT3H; TAF9; KAT2A,19
"ATAC complex, YEATS2-linked",WDR5; TADA3; SGF29; UBAP2L; ZZZ3; MBIP; TADA2A; POLE4; DR1; POLE3; YEATS2; MAP3K7; KAT14; KAT2A,14
PI4K2A-WASH complex,ARHGEF1; AP3B1; ARHGEF2; DNM2; DOCK7; WASHC2A; PI4K2A; NEDD4; WASHC4; CAPZB; CAPZA1; CLTC; WASHC5; FKBP15,14
SMG1-UPF2-Y14-MAGOH-UPF3B-EIF4A3 complex,EIF4A3; MAGOH; RBM8A; UPF3B; SMG1; UPF2,6
SOG complex,SEC13; SEH1L; NPRL3; WDR59; SZT2; NPRL2; WDR24; MIOS,8
CCR4-NOT complex,CNOT11; CNOT3; CNOT10; CNOT7; CNOT6; CNOT2; CNOT9; CNOT1,8
VEGFR2-S1PR1-ERK1/2-PKC-alpha complex,MAPK3; S1PR1; MAPK1; KDR; PRKCA,5
VEGFR2-S1PR2-ERK1/2-PKC-alpha complex,MAPK3; MAPK1; S1PR2; KDR; PRKCA,5
VEGFR2-S1PR3-ERK1/2-PKC-alpha complex,MAPK3; MAPK1; S1PR3; KDR; PRKCA,5
VEGFR2-S1PR5-ERK1/2-PKC-alpha complex,MAPK3; MAPK1; KDR; PRKCA; S1PR5,5
RXFP1 signalosome,PRKACA; ADCY2; PDE4D; ARRB2; AKAP5; RXFP1,6
"APOL1 complex B (APOL1, APOA1, HPR, FN1, IGHM)",APOA1; HPR; IGHM; FN1; APOL1,5
IGF2BP1 complex,ELAVL1; IGF2BP1; RPL26; YBX1; HNRNPU; DHX9; SYNCRIP; STAU1; RPS6,9
"MWRAD complex (MLL1, WDR5, RBBP5, ASH2L, DPY30)",DPY30; WDR5; ASH2L; RBBP5; KMT2A,5
5FMC (Friends of Methylated Chtop) complex,PELP1; SENP3; LAS1L; WDR18; TEX10,5
LAS1L-PELP1-TEX10-WDR18-NOL9-SENP3  complex,PELP1; SENP3; NOL9; LAS1L; WDR18; TEX10,6
CHTOP-methylosome complex,ERH; PRMT5; CHTOP; WDR77; PRMT1,5
HRD1 complex,ERLIN2; OS9; AUP1; FAF2; HSPA5; SYVN1; ERLEC1; SEL1L; BSG; DERL2; FAM8A1; HSP90B1; UBE2J1,13
Fanconi anemia FAAP100 complex,FANCM; FAAP24; FANCE; FANCF; FANCB; FAAP100; FANCA; FANCL; FANCC; FANCG,10
AUP1-OS9-SEL1L-UBC6e-UBXD8 complex,OS9; AUP1; FAF2; SEL1L; UBE2J1,5
v-ATPase-Ragulator-AXIN/LKB1-AMPK complex,PRKAA1; PRKAG1; STK11; PRKAB1; ATP6V0C; ATP6V1B2; ATP6V1A; LAMTOR1; LAMTOR3; LAMTOR5; LAMTOR4; ATP6V0D1; LAMTOR2; AXIN1,14
Gamma-tubulin complex,TUBGCP4; TUBGCP5; TUBGCP2; TUBGCP6; TUBGCP3; TUBG1,6
MMXD complex,SLC25A5; CIAO1; CIAO2B; ERCC2; MMS19,5
ProTalpha C5 complex,SLC25A3; PTMA; ANP32A; C1QBP; PSMA1,5
WDR41-(C9orf72-SMCR8)-(FIP200-ULK1-ATG13-ATG101) complex,ULK1; C9orf72; WDR41; ATG13; RB1CC1; ATG101; SMCR8,7
IGF2R-PLG-PLAU-PLAUR-LTGFbeta1 complex,PLAU; IGF2R; PLAUR; PLG; TGFB1,5
CCDC22-CCDC93-C16orf62-FAM21-WASH1 complex,WASHC1; CCDC22; CCDC93; VPS35L; WASHC2C,5
"Coat protein complex II (SAR1B, PREB, SEC23A , SEC24B, SEC23IP)",PREB; SEC23IP; SEC23A; SEC24B; SAR1B,5
"CCR4-NOT complex, CNOT7-CNOT6-specific",CNOT11; CNOT3; CNOT10; CNOT7; CNOT6; CNOT2; CNOT9; TNKS1BP1; CNOT1,9
"CCR4-NOT complex, CNOT7-CNOT6L-specific",CNOT11; CNOT6L; CNOT3; CNOT10; CNOT7; CNOT2; CNOT9; TNKS1BP1; CNOT1,9
"CCR4-NOT complex, CNOT8-CNOT6-specific",CNOT11; CNOT8; CNOT3; CNOT10; CNOT6; CNOT2; CNOT9; TNKS1BP1; CNOT1,9
"CCR4-NOT complex, CNOT8-CNOT6L-specific",CNOT11; CNOT6L; CNOT8; CNOT3; CNOT10; CNOT2; CNOT9; TNKS1BP1; CNOT1,9
NSL complex,WDR5; KANSL1; KANSL2; MCRS1; PHF20; HCFC1; OGT; KAT8; KANSL3,9
CDH4-HDAC2-MTA2-RBBP7-TWIST1 complex,CHD4; TWIST1; MTA2; RBBP7; HDAC2,5
"ING5 (BRPF2, MOZ, MORF) complex",KAT6A; ING5; MEAF6; KAT6B; BRD1,5
"ING5 (BRPF3, MOZ, MORF) complex",KAT6A; ING5; MEAF6; BRPF3; KAT6B,5
"MLC1-Na,K-ATPase-Kir4.1-AQP4-TRPV4-syntrophin complex",KCNJ10; AQP4; SNTG1; ATP1B1; MLC1; TRPV4,6
"HEPACAM-MLC1-Na,K-ATPase-Kir4.1-AQP4-TRPV4 complex",KCNJ10; HEPACAM; AQP4; ATP1B1; MLC1; TRPV4,6
HEXIM1-DNA-PK-paraspeckle components-ribonucleoprotein complex,HEXIM1; PRKDC; MATR3; XRCC5; RBM14; XRCC6; PSPC1; SFPQ; NONO,9
EIF2B1-EIF2B2-EIF2B3-EIF2B4-EIF2B5 complex,EIF2B4; EIF2B3; EIF2B5; EIF2B1; EIF2B2,5
ACTB-ANP32A-C1QBP-PSMA1-PTMA-PSMA1 complex,SLC25A3; ACTB; PTMA; ANP32A; C1QBP; PSMA1,6
ANP32A-ANP32B-PSMA3-PTMA-SLC25A5 complex,SLC25A5; PSMA3; PTMA; ANP32A; ANP32B,5
HIC1-PCL3L-PCR2 complex,HIC1; SUZ12; PHF19; EZH2; EED,5
"Cytochrome c oxidase including assembly factors (COX, PET100, PET117, MR-1S)",PET117; PET100; COX5A; MT-CO3; COX6A1; HIGD1A; MT-CO1; COX5B; COX4I1; NDUFA4; MT-CO2; PNKD; COX6B1; COX7B; COX7C; COX8A; COX7A2; COX6C,18
BRD7-SWI\u2013SNF complex,SMARCC2; ARID1A; SMARCE1; PHF10; ACTL6A; BRD7; PRMT5; SMARCC1; SMARCA2; SMARCD1; SMARCA4,11
BRD7-SWI\u2013SNF-SUZ12 complex,SUZ12; BRD7; SMARCA2; PRMT7; SMARCA4,5
BRD7-CBP-SWI\u2013SNF complex,SMARCE1; PHF10; BRD7; PRMT5; SMARCA2; PAG1; SMARCA4,7
CENP-A nucleosomal complex,CENPL; H4C15; H4C12; H4C3; CENPC; H2BC3; H4C1; H4C5; H4C9; CENPA; H4C6; SUPT16H; RSF1; H4C16; HJURP; H4C4; SSRP1; H4C2; CENPN; CENPI; H4C14; H4C8; CENPH; H2AC1; H4C11; CENPB; H4C13; CENPT,28
CENP-H-I complex,CENPI; CENPL; CENPM; CENPU; CENPK; CENPH; CENPQ; CENPO; CENPP; CENPN; ITGB3BP,11
CENPA-histone H4-HJURP complex,H4C15; H4C12; H4C14; H4C6; H4C3; H4C8; H4C2; H4C11; H4C16; H4C13; H4C1; HJURP; CENPA; H4C9; H4C5; H4C4,16
Astrin-kinastrin complex,SPAG5; SGO2; KNSTRN; DYNLL1; PLK1,5
KNL1-MIS12-NDC80-SPC24-ZWINT complex,SPC24; NDC80; KNL1; ZWINT; MIS12,5
BORC complex,KXD1; BORCS6; BORCS7; BORCS8; BORCS5; BLOC1S1; BLOC1S2; SNAPIN,8
SMYLE 1 complex,PRKACA; AKAP9; PRKAR2A; CDK5RAP2; PRKAR2B; MAPRE1; MAPRE3; PDE4DIP,8
PRAME complex,PRAME; OSGEP; RBX1; ELOB; CUL2; LAGE3; ELOC,7
LGR4-RSPO supercomplex,PTK2; MAP2K2; WASL; LGR4; IQGAP1; RSPO3; DVL2; DIAPH1; PXN; MAP2K1,10
ESR1-TRAP/Mediator coactivator complex,EP300; MED17; MED10; MED21; NCOA1; ESR1; MED24; MED16; MED1; MED13; CCNC; MED6; MED12; MED23; MED7; CDK8; MED20; MED14,18
ESR2-TRAP/Mediator coactivator complex,EP300; MED17; MED10; MED21; NCOA1; MED24; MED16; ESR2; MED1; MED13; CCNC; MED6; MED12; MED23; MED7; CDK8; MED20; MED14,18
AKAP13-MAP2K3-MAP3K20-MAPK14-PKN1 complex,MAP3K20; MAPK14; PKN1; AKAP13; MAP2K3,5
NARC1 complex,RBMX; CDC5L; TOP1; PRPF19; ALYREF,5
tRNA splicing ligase,FAM98B; DDX1; RTCB; RTRAF; C2orf49; ZBTB8OS,6
H2A.Z histone-exchange complex p400/TIP60,H3C6; H3C12; H4C12; H4C15; MRGBP; TRRAP; XRCC6; H4C3; ANP32E; H3C7; MORF4L2; H3C10; H4C1; YEATS4; H4C5; H4C9; BRD8; EP400; XRCC5; ACTL6A; H4C6; H2BC4; H3C8; SRCAP; H2BC7; H4C16; H2BC10; VPS72; ING3; H3C2; H4C4; H2BC6; H3C3; RUVBL2; MORF4L1; ZNHIT1; KAT5; H4C2; H2BC8; PRKDC; H4C14; H3C4; H4C8; RUVBL1; H2AZ1; H3C1; EPC2; H3C11; H4C11; H4C13; IPO9; DMAP1; EPC1,53
ADGRA2-DOCK1-ELMO2-GNB1-GNG2 complex,GNG2; ELMO2; GNB1; DOCK1; ADGRA2,5
IRAK1-IRAK4-MYD88-PELI1-TRAF6 complex,MYD88; IRAK1; PELI1; TRAF6; IRAK4,5
AQR-ISY1-PPIE-PRPF19-XAB2-ZNF830 complex,ISY1; PPIE; XAB2; AQR; PRPF19; ZNF830,6
EZR-MSN-PAG1-RDX-SLC9A3R1 complex,EZR; NHERF1; RDX; PAG1; MSN,5
Vps34 Complex I,NRBF2; BECN1; PIK3R4; ATG14; PIK3C3,5
DONSON-MCM2-MCM7-PCNA-TICRR complex,DONSON; MCM2; MCM7; PCNA; TICRR,5
MCM8-MCM9-MRE11A-NBN-RAD50 complex,MCM9; MRE11; MCM8; NBN; RAD50,5
MCPH1-Condensin II complex,NCAPG2; TERF2IP; MCPH1; SMC2; NCAPH2; TERF2; SMC4; NCAPD3,8
RNF8-ATX3-p97 complex,NPLOC4; UFD1; VCP; RNF8; ATXN3,5
7SK snRNP-LEC complex,ICE1; MEPCE; ZC3H8; ELL; LARP7; ICE2,6
m(6)A methyltransferase complex,ZC3H13; CBLL1; METTL3; WTAP; VIRMA; METTL14,6
CDYL-complex,CDYL; WIZ; REST; MIER1; SETDB1; EHMT2; EHMT1; HDAC1; HDAC2,9
CDYL-CAF1-MCM complex,MCM2; CHAF1B; MCM3; CHAF1A; RBBP4; SETDB1; MCM4; MCM6; MCM7; EHMT2; CDYL; EZH2; MCM5,13
dREAM-like complex,LIN54; LIN37; TFDP1; LIN9; E2F4; LIN52; RBBP4; RBL2,8
MYBL2-LIN9-LIN37-LIN52-LIN54 complex,MYBL2; LIN54; LIN37; LIN9; LIN52,5
APC/C-ANAPC16 complex,CDC23; ANAPC2; CDC27; ANAPC16; ANAPC7; CDC16; ANAPC5; ANAPC1; ANAPC4,9
NGRN complex,TRUB2; NGRN; RPUSD4; FASTKD2; RPUSD3; RCC1L,6
NLRP3-NLRC4 inflammasome,PYCARD; CASP8; CASP1; NLRP3; NLRC4,5
ANP32A-APEX1-HMG2-NME1-SET complex,HMGB2; ANP32A; NME1; SET; APEX1,5
BCL10-CARD9-CASP8-MALT1-PYCARD inflammasome complex,PYCARD; CASP8; BCL10; MALT1; CARD9,5
PSO4-WRN complex,PLRG1; WRN; CDC5L; BCAS2; PRPF19,5
CDC5L-PRP19 complex,PLRG1; CWC15; CTNNBL1; CDC5L; HSPA8; BCAS2; PRPF19,7
SIX3-LSD1-NuRD(MTA3) Complex,MTA3; MBD3; RBBP4; KDM1A; RBBP7; SIX3; HDAC1; MBD2; HDAC2,9
MBD3-NuRD complex,CDK2AP1; ZMYND8; MBD3; RBBP4; CHD4; CHD3; MTA2; RBBP7; ZNF598; HDAC1; HDAC2; GATAD2B; GATAD2A,13
CREBBP-EP300-HDAC1-SP1-SP3 complex,EP300; CREBBP; SP3; SP1; HDAC1,5
CASP8-CASP10-FADD-FLIP(S)-RIPK1 complex,CASP8; CFLAR; CASP10; RIPK1; FADD,5
ER membrane protein complex (EMC8),EMC1; MMGT1; EMC2; EMC6; EMC3; EMC10; EMC8; EMC4; EMC7,9
ER membrane protein complex (EMC9),EMC1; MMGT1; EMC2; EMC6; EMC3; EMC10; EMC9; EMC4; EMC7,9
SMC5-6-NSMCE4A complex,NSMCE4A; NSMCE3; SMC5; SMC6; NSMCE1; NSMCE2,6
SMC5-6-EID3 complex,NSMCE3; SMC5; SMC6; NSMCE1; NSMCE2; EID3,6
WDTC1-DDB1-CUL4-ROC1 E3 ligase complex,DDB1; RBX1; CUL4A; CUL4B; WDTC1,5
RNA polymerase III complex,POLR3B; POLR3E; POLR2L; POLR2K; POLR3F; POLR3G; POLR1D; POLR3K; POLR3A; POLR2H; CRCP; POLR1C; POLR3H; POLR3D; POLR3C,15
BAX-BCL2L11-PACS2-TNFRSF10B-TNFSF10 complex,BCL2L11; TNFRSF10B; TNFSF10; PACS2; BAX,5
APC/C complex,CDC27; ANAPC2; ANAPC7; CDC16; ANAPC5; ANAPC1; CDC23,7
"APC/C complex, 1.5 MDa",CDC23; ANAPC2; ANAPC11; CDC27; CDC26; CDK2AP1; ANAPC7; CDC16; ANAPC5; ANAPC1; ANAPC4,11
TULP3-Intraflagellar transport complex A,IFT140; WDR19; TULP3; WDR35; IFT43; IFT122; TTC21B,7
"CTLH complex, submodule of the IFT/lebercilin complex",GID8; WDR26; HTRA2; MAEA; YPEL5; RMND5A; RANBP9; GID4; RANBP10; PGAM5; MKLN1; ARMC8,12
SRCAP-containing complex,ACTL6A; RUVBL1; RUVBL2; SRCAP; DMAP1; ACTR6; YEATS4,7
CD4 receptor complex,CD4; PTPRC; LCK; TUBA1C; TUBB; VIM; MYH9; TFRC; PTPRCAP,9
AHCYL1-CPSF complex,AHCYL1; CPSF2; CPSF1; FIP1L1; CPSF4; CPSF3,6
KIF4A-KIF14-KIF20A-KIF23-PRC1 complex,PRC1; KIF23; KIF4A; KIF14; KIF20A,5
"TFIIH transcription factor subcomplex, cdk7-specific",ERCC3; GTF2H3; ERCC2; GTF2H4; GTF2H2; GTF2H1,6
"TFIIH transcription factor subcomplex, p63-specific",ERCC3; MNAT1; CDK7; ERCC2; CCNH,5
PCID2-ENY2-GANP-SEM1-CETN2 complex,CETN2; ENY2; SEM1; PCID2; MCM3AP,5
PCID2-ENY2-GANP-SEM1-CETN3 complex,CETN3; ENY2; SEM1; PCID2; MCM3AP,5
MVB12B-PDCD6-PDCD6IP-TSG101-VPS28-VPS37A complex,PDCD6IP; TSG101; MVB12B; VPS37A; VPS28; PDCD6,6
"Repairosome complex, XPA-specific",ERCC3; LIG1; ERCC1; ERCC5; ERCC2; RPA2; XPA; RFC1; PCNA; GTF2H1,10
"Repairosome sub-complex, XPA-specific",RPA1; ERCC5; XPA; RFC1; PCNA; GTF2H1,6
DNMT1-associated protein complex,DNMT1; KAT5; UHRF1; USP7; HDAC1; PCNA,6
MVB12B-PDCD6-PDCD6IP-TSG101-VPS28-VPS37B complex,PDCD6IP; TSG101; MVB12B; VPS37B; VPS28; PDCD6,6
MVB12B-PDCD6-PDCD6IP-TSG101-VPS28-VPS37C complex,VPS37C; PDCD6IP; TSG101; MVB12B; VPS28; PDCD6,6
MVB12B-PDCD6-PDCD6IP-TSG101-VPS28-VPS37D complex,PDCD6IP; TSG101; MVB12B; VPS37D; VPS28; PDCD6,6
"ZMYND10 complex, cytoplasmic",CFAP298; ZMYND10; DNAAF11; DNAAF4; RUVBL2; IQUB; HSPA8,7
STRIPAK complex,PDCD10; STRN; PPP2R1A; STRN3; PPP2CA; STRIP1; MOB4; CTTNBP2NL; STRN4; GOLGA2; STK26,11
PAXX complex,PRKDC; XRCC5; XRCC4; XRCC6; DCLRE1C; PAXX; LIG4; NHEJ1,8
LATS1-PCBP2-SAV1-STK3-STK4 complex,STK4; SAV1; LATS1; STK3; PCBP2,5
LATS1-PCBP1-SAV1-STK3-STK4 complex,PCBP1; STK4; SAV1; LATS1; STK3,5
PPIE-AQR-XAB2-ISY1-ZNF830 complex,ISY1; PPIE; XAB2; AQR; ZNF830,5
CTLH complex,GID8; WDR26; MAEA; RMND5A; RANBP9; GID4; MKLN1; ARMC8,8
AIM2 PANoptosome complex,PYCARD; CASP8; CASP1; ZBP1; MEFV; RIPK1; FADD; AIM2; RIPK3,9
"TNFR1-signaling complex I, membrane-bound",TNFRSF1A; TRADD; BIRC2; TRAF2; RIPK1,5
"Pro-death complex II, cytosolic",CASP8; TRADD; BIRC2; TRAF2; RIPK1; FADD,6
PANoptosome,PYCARD; CASP8; RIPK1; FADD; ZBP1; NLRP3; RIPK3,7
PP6 holoenzyme,IGBP1; PPP6R2; PPP6C; PPP6R1; PPP6R3; ANKRD28; ANKRD52; ANKRD44,8
BRCA2-PALB2-RAD51-RAD51C-XRCC3 complex,RAD51C; PALB2; BRCA2; RAD51; XRCC3,5
AKT1-CDC37-CDK4-HSPA1A-HSP90AA1-NR3C1-PPP5C-RAF1-TSC1-TSC2 complex,TSC1; RAF1; NR3C1; CDC37; CDK4; HSP90AA1; TSC2; AKT1; HSPA1A; PPP5C,10
mTORC2 complex (PROTOR1),MTOR; PRR5; RICTOR; MLST8; MAPKAP1,5
mTORC2 complex (PROTOR2),PRR5L; MTOR; RICTOR; MLST8; MAPKAP1,5
GNAI1-GNB1-GNGT1-NTS-NTSR1 complex,NTS; NTSR1; GNGT1; GNB1; GNAI1,5
ADCYAP1-GNAS-GNB1-GNGT1-VIPR1 complex,VIPR1; ADCYAP1; GNGT1; GNB1; GNAS,5
"Spliceosome, C complex",SYF2; YJU2; RBM8A; SNRPB; CWC15; EFTUD2; DHX38; PPWD1; SNW1; BCAS2; PPIG; SNRPE; PLRG1; MAGOH; SNRNP200; BUD31; CWC25; RBM22; SNRPF; SRRM2; SNRPB2; CRNKL1; PRPF8; PPIL1; SNRPD1; SNRPG; XAB2; CDC40; AQR; SNRPA1; SNRPD2; EIF4A3; ISY1; PPIE; SNRPD3; CWC22; CDC5L; PRPF19; CASC3,39
"Spliceosome, pre-B complex",PRPF31; PHF5A; SF3B1; LSM2; SNRPB; SF3B4; EFTUD2; LSM8; SF3A2; SNRPE; USP39; LSM7; SNRNP200; LSM3; SNRPF; SF3B5; SF3B3; SNRPB2; PRPF8; SF3A1; SF3B6; SNRPD1; SNRPG; SF3A3; SNRPA1; DDX23; SNU13; TXNL4A; PRPF4; SF3B2; LSM5; SNRPD2; LSM6; PRPF6; PRPF3; SNRPD3; SNRNP40; LSM4,38
"Spliceosome, B complex",PRPF31; PHF5A; SF3B1; LSM2; SNRPB; SF3B4; EFTUD2; UBL5; LSM8; PRPF38A; SF3A2; SNRPE; MFAP1; PPIH; ZMAT2; SMU1; WBP4; LSM7; SNRNP200; LSM3; SNRPF; SF3B3; SNRPB2; PRPF8; SF3A1; SF3B6; SNRPD1; SNRPG; SF3A3; SNRPA1; SNU13; TXNL4A; PRPF4; SF3B2; LSM5; SNRPD2; LSM6; PRPF6; PRPF3; SNRPD3; SNRNP40; SART1; LSM4,43
"Spliceosome, A complex",PHF5A; TCERG1; CWC15; ILF3; PQBP1; TRA2B; YBX1; PNN; PLRG1; BUB3; SF1; SNRPF; SF3B5; HNRNPA1; HNRNPA2B1; RBM39; SNRPB2; PRPF8; SNRPD1; SNRPA1; SF3B2; SNRPC; SRSF5; PRPF19; U2SURP; SRRM1; TRIR; HNRNPC; U2AF1; NCBP2; CCAR2; RBM17; PPP1CA; CD2BP2; SNRNP70; RBMX; SMNDC1; DNAJC8; SNRNP200; RNPS1; SRRM2; SF3B3; SRSF6; CCAR1; SF3A3; PRPF40A; SNRPD2; CDK11A; SNRPD3; HNRNPK; AGGF1; U2AF2; PCBP1; SF3B1; CHERP; EFTUD2; DDX5; PPP1R8; NRIP2; SF3A2; PUF60; DHX15; SEC31B; HNRNPU; NCBP1; HTATSF1; ILF2; PRCC; RBM25; SF3A1; HNRNPR; CTNNBL1; SNRPG; HSPA8; DDX23; HNRNPA3; FUS; PRPF6; PRPF3; CDC5L; SYNCRIP; DHX9; ARGLU1; SUGP1; SART1; RBM10; ELAVL1; DDX42; DDX46; HNRNPUL1; RBM5; SRSF4; SNRPB; CIRBP; SF3B4; DDX17; SAP30BP; HNRNPAB; BCAS2; ZNF207; SNRPE; CFAP20; SRSF2; ZC3H18; SRSF9; SF3B6; WBP11; SRSF3; SNRPA; SRRT; ACIN1; SRSF1; SRSF7,113
PRC1.1c complex,RYBP; RING1; RNF2; KDM2B; USP7; PCGF1; BCORL1; SKP1; BCOR,9
PRC1.1d complex,YAF2; RING1; RNF2; KDM2B; USP7; PCGF1; BCORL1; SKP1; BCOR,9
PRC1.2c complex,PHC2; PCGF2; PHC3; PHC1; CBX8; SCML1; CBX2; RING1; CBX4; RNF2; SCMH1,11
PRC1.3a complex,RYBP; CSNK2B; PCGF3; RING1; CSNK2A1; RNF2; CSNK2A2; FBRS; AUTS2; FBRSL1,10
PRC1.3b complex,YAF2; CSNK2B; PCGF3; RING1; CSNK2A1; RNF2; CSNK2A2; FBRS; AUTS2; FBRSL1,10
PRC1.4c complex,PHC2; PHC3; PHC1; CBX8; CBX2; RING1; CBX4; RNF2; SCMH1; CBX6; BMI1,11
PRC1.5a complex,RYBP; PCGF5; CSNK2B; RING1; CSNK2A1; RNF2; CSNK2A2; FBRS; AUTS2; FBRSL1,10
PRC1.5c,YAF2; PCGF5; CSNK2B; RING1; CSNK2A1; RNF2; CSNK2A2; FBRS; AUTS2; FBRSL1,10
PRC1.6a complex,PCGF6; WDR5; CBX3; RYBP; TFDP1; MGA; RING1; RNF2; L3MBTL2; E2F6; MAX; HDAC1; HDAC2,13
PRC1.6b complex,PCGF6; WDR5; YAF2; CBX3; TFDP1; MGA; RING1; RNF2; L3MBTL2; E2F6; MAX; HDAC1; HDAC2,13
"Spliceosome, E complex",DDX39A; PHF5A; DDX20; RBM7; YBX1; SMARCC2; LUC7L3; PCBP2; SF1; SMARCB1; SMN1; SNRPF; MTREX; HNRNPA1; HNRNPA2B1; RBM39; SMARCE1; RUVBL2; SNRPB2; PRPF8; STRAP; SNRPD1; SNRPA1; CHD8; ARID1A; SF3B2; SNRPC; SRSF5; GEMIN2; PRPF19; LSM4; U2SURP; SCAF4; HNRNPC; U2AF1; NCBP2; SMARCC1; SMARCD1; SRSF11; SREK1; ACTBL2; RBM17; SNRNP70; ACTL6A; PPIH; HNRNPD; PBRM1; DNAJC8; SNRNP200; SRRM2; SF3B3; SRSF6; ARID1B; SF3A3; PRPF40A; LUC7L2; GEMIN6; SNRPD2; HNRNPH1; CHD4; SNRPD3; HNRNPK; SNRNP40; RBMXL2; NUDT21; U2AF2; PCBP1; SF3B1; CHERP; CPSF1; EFTUD2; DDX5; SF3A2; GEMIN8; PUF60; DHX15; GEMIN4; HNRNPU; NCBP1; CPSF7; HTATSF1; RBM25; SF3A1; HNRNPR; SMN2; SMARCA1; SNRPG; DDX23; ALYREF; PRPF4; DDX39B; FUS; RUVBL1; PRPF6; ARID2; PRPF3; SYNCRIP; DHX9; SART1; RBM10; PRPF31; SRSF4; DDX46; SNRPB; KHSRP; SF3B4; DDX17; BCAS2; GEMIN5; SFSWAP; CPSF6; SNRPE; SRSF2; USP39; HNRNPM; HNRNPA0; ZCCHC8; SF3B6; SRSF8; HNRNPF; SRSF3; RBM42; SNRPA; SRRT; HNRNPL; SMARCA2; SART3; SMARCA4; SRSF1; SRSF7,130
SOX9-TRAP complex,MED24; MED16; THRAP3; MED1; MED13; CCNC; MED12; MED6; MED17; MED14; SOX9; MED25,12
IL1R1-IL1RAP-IRAK1-MYD88-TOLLIP complex,MYD88; IRAK1; TOLLIP; IL1R1; IL1RAP,5
CCR4-NOT-TOB1 complex,TOB1; CNOT6L; CNOT3; CNOT10; CNOT7; CNOT2; CNOT9; CNOT1,8
AP-3-KIF3A-RAB4A-RBSN complex,RBSN; KIF3A; RAB4A; AP3D1; AP3S1,5
Distal appendage,CEP162; SCLT1; CEP164; C2CD3; CBY1; CEP290; CCP110; CEP97; FBF1; ODF2; CEP83; CEP89,12
ZFAND2B complex,ZFAND2B; DERL1; NPLOC4; UFD1; FAF2; VCP; BAG6,7
CUL2-PTCH1-TCEB1-TCEB2-ZYG11B complex,ZYG11B; PTCH1; ELOB; CUL2; ELOC,5
Centriolar subdistal appendage,ODF2; CNTRL; CEP128; CEP170; DCTN1; NIN; KIF2A,7
"TIM22 holo-complex (AGK, TIMM9, TIMM10, TIMM10B, TIMM22, TIMM29), mitochondrial",TIMM29; TIMM9; TIMM22; AGK; TIMM10B; TIMM10,6
Pericentrin complex,PCNT; IFT88; IFT20; PKD2; IFT57,5
"TNFR1 signaling complex, TNF-induced",TANK; HTRA2; TNIP2; TRADD; TRAF2; RIPK1; MAP3K7; CYLD; RNF31; SHARPIN; SPATA2; IKBKE; TNIP1; TBK1; BIRC3; TNFRSF1A; BIRC2; IKBKB; TNFAIP3; IKBKG; TAB2; RBCK1; CHUK; TNF,24
LUBAC-SPATA2-CYLD complex,CYLD; RNF31; SPATA2; RBCK1; SHARPIN,5
"COA3-HSPA9-TIMM44-TIM23(sort) complex, mitochondrial",TIMM17A; ROMO1; TIMM21; TIMM23; HSPA9; COA3; TIMM44; TIMM50,8
"TIM23(sort) complex (ROMO1, TIMM17A, TIMM21, TIMM23, TIMM50), mitochondrial",TIMM17A; ROMO1; TIMM21; TIMM23; TIMM50,5
"MITRAC complex, mitochondrial",COX5A; MT-CO3; SURF1; COX16; TIMM21; COX14; COX15; MT-CO1; COA3; COX4I1; CMC1; MT-CO2; COA1; COX6C,14
RAB3IP-TRAPP II complex,TRAPPC6A; TRAPPC5; TRAPPC6B; TRAPPC1; TRAPPC2; TRAPPC9; RAB3IP; TRAPPC2L; TRAPPC10; TRAPPC14; TRAPPC4; TRAPPC3,12
"Mitofilin complex, mitochondrial",CHCHD6; DNAJC11; SAMM50; CHCHD3; IMMT; MTX2; MTX1,7
KPNB1-SMN1-SNUPN-ZRP1 complex,KPNB1; ZPR1; SMN2; SNUPN; SMN1,5
TRAPP III complex,TRAPPC6A; TRAPPC5; TRAPPC6B; TRAPPC1; TRAPPC2; TRAPPC13; TRAPPC12; TRAPPC2L; TRAPPC8; TRAPPC11; TRAPPC4; TRAPPC3,12
Rixosome,PELP1; SENP3; NOL9; LAS1L; MDN1; WDR18; TEX10,7
VPS34-VPS15-BECLIN1-UVRAG-SLAMF1 complex,SLAMF1; BECN1; PIK3R4; PIK3C3; UVRAG,5
mTRAPP II complex,TRAPPC6A; TRAPPC5; TRAPPC6B; TRAPPC1; TRAPPC2; TRAPPC9; TRAPPC2L; TRAPPC10; TRAPPC4; TRAPPC3,10
mTRAPP III complex,TRAPPC6A; TRAPPC5; TRAPPC6B; TRAPPC1; TRAPPC2; TRAPPC13; TRAPPC12; TRAPPC2L; TRAPPC8; TRAPPC11; TRAPPC4; TRAPPC3,12
CDC37-HSP90AA1-MAPK1-MAPK3-MAPK11 complex,MAPK3; MAPK1; CDC37; HSP90AA1; MAPK11,5
Nuclear pore complex,NUP93; SEH1L; GLE1; NUP42; NUP155; NUP205; NUP58; NUP62; TPR; NUP210; POM121; NUP35; NUP153; NUP85; NUP98; AAAS; NUP133; NUP37; NUP54; NUP88; NUP188; NUP107; RANBP2; SEC13; NDC1; NUP214; NUP160; RAE1; AHCTF1; NUP50; NUP43,31
TLR3-associated signaling complex,TICAM1; CASP8; CFLAR; RIPK1; FADD; TLR3,6
TLR3 death-signaling complex,TICAM1; CASP8; CFLAR; CASP10; RIPK1; FADD; TLR3,7
"TLR3-DISC complex, atypical",TICAM1; CASP8; RIPK1; FADD; TLR3,5
DDX58-MAVS-PPP6C-TRIM14-WHIP complex,RIGI; WRNIP1; PPP6C; MAVS; TRIM14,5
"TIM23(sort) complex (ROMO1, TIMM17B, TIMM21, TIMM23, TIMM50), mitochondrial",ROMO1; TIMM21; TIMM23; TIMM50; TIMM17B,5
HSP90-IRF3-MAVS-TBK1-TOMM70 complex,TBK1; HSP90AA1; TOMM70; IRF3; MAVS,5
MeCP1 complex,MBD3; RBBP4; CHD4; MTA2; RBBP7; HDAC1; MBD2; HDAC2; GATAD2B,9
TRAP complex,THRA; MED21; MED10; MED27; MED4; MED24; MED31; MED16; THRAP3; MED1; MED13; CCNC; MED12; MED6; MED17; MED14,16
Anaphase-promoting complex,CDC27; ANAPC2; ANAPC4; ANAPC10; ANAPC7; CDC16; ANAPC5; ANAPC1; CDC23,9
TFIIH transcription factor complex,ERCC3; GTF2H5; MNAT1; GTF2H3; ERCC2; CDK7; GTF2H2; GTF2H4; CCNH; GTF2H1,10
"Polycomb repressive complex 1 (PRC1, hPRC-H)",PHC2; PHC3; PHC1; CBX8; SMARCA5; CBX2; RING1; CBX4; RNF2; YY1; SCMH1; HSPA1A; BMI1,13
PBAF complex (Polybromo- and BAF containing complex),SMARCC2; SMARCE1; ACTB; ACTL6A; SMARCC1; SMARCD1; PBRM1; ARID2; SMARCA4; SMARCB1,10
TFIID complex,TAF4; TAF12; TAF15; TAF13; TAF9; TAF10; TAF2; TBP; TAF5; TAF7; TAF11; TAF1; TAF6,13
COG complex,COG3; COG1; COG4; COG7; COG8; COG6; COG2; COG5,8
BAF complex,SMARCC2; ARID1A; SMARCE1; ACTB; ACTL6A; ARID1B; SMARCC1; SMARCA2; SMARCD1; ACTL6B; SMARCD2; SMARCA4; SMARCB1; ACTG1,14
SMCC complex,MED21; MED10; MED27; MED4; MED24; MED31; MED16; THRAP3; MED1; MED13; CCNC; MED6; MED12; MED17; CDK8; MED7; MED20; MED14,18
Mediator complex,MED18; CDK19; MED29; MED17; MED14; MED21; MED22; MED27; MED16; MED1; MED13; MED12; OPA1; MED13L; MED9; MED28; MED26; MED20; MED10; MED24; CCNC; MED6; MED23; MED30; MED4; MED11; CDK8; MED25; MED8; MED15; MED31; MED19; MED7,33
BRAFT complex,TOP3A; MLH1; BLM; FANCE; RPA1; FANCF; FANCA; FANCL; RPA3; FANCC; RPA2; FANCG; RMI1,13
FA core complex (Fanconi anemia core complex),FANCM; FANCE; FANCF; FAAP100; FANCB; FANCA; FANCL; FANCC; FANCG; RMI1,10
"40S ribosomal subunit, cytoplasmic",RPS5; RPS29; RPS28; FAU; RPS26; RPS2; RPS15A; RPS12; RPS11; RPS4X; RPS13; RPS10; RPS20; RPS3A; RPS16; RPS18; RPS17; RPS14; RPS3; RPS9; RPS23; RPS27A; RPS25; RPS19; RPS24; RPS4Y1; RPS21; RPS7; RPS15; RPSA; RPS8; RPS27; RPS6,33
TFTC complex (TATA-binding protein-free TAF-II-containing complex),TADA3; TAF4; TRRAP; SF3B3; SUPT3H; TAF13; TAF9; TAF10; TAF2; TAF5; TAF6L; TAF7; TAF6; TAF9B; ATXN7; TAF12; KAT2A; TAF5L,18
TFIID-beta complex,TAF4; TAF13; TAF9; TAF10; TAF2; TBP; TAF5; TAF6; TAF7; TAF11; TAF1; TAF9B; TAF12,13
STAGA complex,TADA3; TRRAP; SF3B3; SUPT3H; TADA1; TAF9; TAF10; TAF6L; ATXN7; TAF12; SUPT7L; KAT2A; TAF5L,13
NuA4/Tip60-HAT complex,MRGBP; BRD8; EP400; TRRAP; MEAF6; ACTL6A; RUVBL1; RUVBL2; MORF4L1; KAT5; MORF4L2; VPS72; DMAP1; ING3; YEATS4; EPC1,16
PBAF complex,SMARCC2; SMARCE1; ACTL6A; ACTB; PHF10; BCL7C; BRD7; SMARCC1; SMARCD1; SMARCA2; PBRM1; SMARCD2; ARID2; BCL7A; SMARCA4; SMARCB1,16
mSin3A corepressor complex,SIN3A; SAP18; RBBP4; SUDS3; SAP130; RBBP7; SAP30; HDAC1; HDAC2; ARID4B,10
MSL complex,MSL2; MSL3; KANSL1; MSL1; KAT8,5
Exon junction complex,NXF1; RNPS1; SRRM1; DDX39B; EIF4A3; RBM8A; MAGOH; UPF3B; UPF2; ALYREF,10
Exosome,MPHOSPH6; EXOSC5; EXOSC2; EXOSC10; EXOSC1; EXOSC7; DIS3L; EXOSC3; EXOSC8; EXOSC9; DIS3; EXOSC6; EXOSC4,13
FA complex (Fanconi anemia complex),FANCM; TOP3A; BLM; FANCE; RPA1; FANCF; FANCB; FANCA; FANCL; FANCC; FANCG; RMI1,12
Rap1 complex,TERF2IP; TERF1; XRCC5; POT1; XRCC6; TERF2; MRE11; PARP1; ACD; RAD50; TINF2,11
TLE1 corepressor complex (MASH1 promoter-corepressor complex),ACTB; NCL; TOP2B; NONO; HSPA4; MYH10; PARP1; RAD50; TLE1; NPM1,10
SMN complex,SNRPN; SNRPA; SNRPE; GEMIN6; SNRPD2; SMN1; DDX20; SNRPB; STRAP; GEMIN2; GEMIN7; SNRPD1; SNRPD3; GEMIN4; SNRPG; SMN2; GEMIN5; SNRPF,18
ITGA6-ITGB4-Laminin10/12 complex,LAMA5; LAMC1; ITGA6; LAMB2; ITGB4; LAMB1,6
Set1B complex,CXXC1; WDR5; DPY30; BOD1; BOD1L1; ASH2L; HCFC2; OGT; RBBP5; HCFC1; SETD1B; WDR82,12
Set1A complex,CXXC1; WDR5; DPY30; ASH2L; SETD1A; HCFC2; RBBP5; HCFC1; OGT; WDR82,10
NuA4/Tip60 HAT complex,BRD8; EP400; TRRAP; MEAF6; ACTL6A; RUVBL1; RUVBL2; MORF4L1; KAT5; EPC2; DMAP1; ING3; YEATS4; EPC1,14
"RNA polymerase II complex, chromatin structure modifying",SMARCC1; DRAP1; GTF2F1; SMARCD1; GTF2H3; TBP; GTF2B; GTF2E1; GTF2H1; PCSK4; SMARCC2; MED21; ACTL6A; POLR2A; SMARCB1; ERCC3; SMARCE1; CREBBP; KAT2B; CCNC; CDK8; SMARCA2; SMARCA4,23
B-WICH complex,MYO1C; SF3B1; SMARCA5; MYBBP1A; DDX21; ERCC6; BAZ1B; DEK; SPEF2,9
NADPH oxidase,CYBA; RAC1; CYBB; NCF1; NCF2; NCF4,6
cBAF complex,SMARCC2; ARID1A; SMARCE1; ACTB; ACTL6A; BCL7C; ARID1B; SMARCC1; SMARCD1; SMARCA2; DPF2; SMARCD2; BCL7A; SMARCA4; SMARCB1,15
ncBAF complex,ACTB; ACTL6A; BCL7C; SMARCC1; SS18; SMARCA2; SMARCD1; SMARCA4; BRD9; BICRAL; BCL7A,11
Ragulator complex,LAMTOR1; LAMTOR3; LAMTOR5; LAMTOR4; LAMTOR2,5
Ragulator-Rag complex,RRAGC; RRAGA; LAMTOR1; LAMTOR3; LAMTOR5; LAMTOR4; RRAGB; LAMTOR2; RRAGD,9
GID/CTLH ubiquitin E3 ligase complex,GID8; WDR26; RMND5B; MAEA; RMND5A; RANBP9; GID4; YPEL5; RANBP10; MKLN1; ARMC8,11
